ph,Hardness,Solids,Chloramines,Sulfate,Conductivity,Organic_carbon,Trihalomethanes,Turbidity,Potability
9.5651,252.9975,13466.6816,6.734,262.7426,372.2402,12.0572,73.1266,2.8997,0
6.3951,201.0804,11734.264,7.3166,353.3605,398.0206,18.1003,81.7681,3.4363,1
7.1282,197.5018,15259.8143,4.0198,,502.7563,16.6164,76.704,3.026,1
7.679,154.9333,16348.2062,8.7625,341.8144,451.9619,12.1128,,3.3129,1
5.9203,206.6097,19226.9005,6.4643,342.9963,345.4001,16.9409,122.2257,4.7615,1
7.083,216.2734,17751.9701,7.3856,390.8431,308.0227,17.7803,70.8389,5.5684,1
7.0787,182.4077,25847.6248,4.9474,320.7519,427.7101,14.5819,81.7487,5.0814,1
4.5006,194.8409,28694.9121,10.8656,268.6473,483.8865,10.5602,77.7158,4.4544,0
8.576,174.0386,12462.6018,8.1054,,291.0382,10.3901,62.3196,3.1934,0
7.9627,219.8537,32714.9503,4.0972,368.8739,466.0823,13.8539,82.4196,3.7966,0
6.1606,239.5656,24010.2409,6.2077,311.0742,442.2565,15.2139,58.6773,3.7357,1
,208.1389,21830.3525,6.6458,377.1428,453.0414,5.8833,46.7933,5.7019,0
7.8228,212.4112,29297.753,5.6219,377.3662,588.2941,16.6847,76.3893,4.6246,0
6.6958,197.4675,20998.1352,5.0109,284.565,453.5878,15.9639,91.1503,3.878,1
6.7232,174.6839,34532.8485,5.0683,295.5772,529.4202,19.7899,47.4496,4.0029,0
4.9437,170.3972,11160.7637,5.7968,282.2758,432.1727,13.5458,80.3342,3.8605,0
7.8952,182.4774,32528.3746,7.4054,,546.5154,13.2879,78.3271,3.9572,0
7.2621,199.5481,17653.3574,7.5215,258.6218,389.9722,15.631,56.0052,3.723,1
7.4835,195.5519,28294.9757,9.1719,292.2004,427.5511,9.8489,53.5257,3.9166,0
4.836,228.9854,17892.1159,6.8808,,441.3324,14.5855,21.5173,4.0195,0
9.5065,220.0465,36497.6277,3.5711,380.6025,462.0042,8.4795,60.3092,5.9882,0
7.3069,244.5282,25237.1856,6.9056,379.6459,426.8749,11.6269,80.0546,3.3838,1
6.5109,221.242,28469.3362,8.8699,349.1404,293.5392,14.7472,86.2329,5.1643,0
10.0627,187.8229,12508.0555,5.2613,,470.5221,14.2618,104.7541,3.5077,0
7.0133,198.9869,8835.6226,7.4199,378.8922,465.4955,10.5676,74.1238,6.4031,0
4.9475,142.5996,23991.0206,7.6538,352.4527,554.3582,15.6706,59.8322,4.799,0
,250.5437,35229.0376,5.5127,324.4977,381.6535,14.2283,85.5599,4.2924,1
3.7162,176.7495,23322.3181,6.803,343.6045,476.1245,16.3795,85.0243,3.6389,0
8.6226,182.4747,8966.8008,5.5173,358.0102,557.0394,11.9037,,3.6451,0
,255.5669,36872.6978,9.4215,359.9418,448.9676,13.1696,71.6629,4.0547,0
5.9884,160.6955,17386.3828,8.1631,342.4827,348.1539,15.7355,58.5245,2.8396,0
8.6565,175.6309,28570.7505,7.2185,,328.128,10.4347,100.5721,5.2711,0
4.6529,193.8183,14698.9148,8.2259,337.3131,375.6382,15.4001,73.6653,3.1215,0
7.8671,176.8685,15629.578,8.2061,360.3772,451.3152,11.3806,81.9199,4.4422,1
4.0453,198.8687,24439.9743,5.7696,288.7793,330.9463,19.8214,57.9062,5.1314,0
6.1066,203.9847,320.0,5.0432,303.4179,479.065,11.4708,65.1648,2.896,0
5.3098,216.7598,13089.532,4.8554,351.7129,331.7675,16.1214,34.8575,3.3608,0
9.2291,192.4491,18125.4482,5.1144,361.1596,464.8865,7.4704,62.1233,3.3017,0
9.6763,218.7148,18207.7948,8.4302,324.539,488.6034,13.2779,99.8992,5.0279,0
6.5958,185.0789,7450.4482,8.8751,324.2503,363.0087,14.9774,75.353,4.6501,0
8.3159,215.9801,31409.0688,9.5481,337.1625,544.762,13.3844,56.5446,4.0747,0
6.8154,234.5485,19756.3582,5.0134,315.7397,394.3637,12.3941,51.7868,4.4557,1
7.9151,139.3636,20151.1445,7.1213,313.9952,233.3808,10.5753,80.9681,3.1069,1
5.9733,188.6811,4969.4311,9.0737,259.7103,419.0824,14.1358,71.5047,3.8062,0
4.5687,201.9464,20753.5003,9.9659,324.1647,459.3113,13.233,63.7585,3.912,0
4.4294,134.1824,27172.339,6.6119,401.4606,386.2524,13.8874,58.0106,5.0851,0
,96.04,28949.9487,6.5429,305.3589,475.8358,11.9006,81.473,2.8892,1
,206.2943,26710.6429,6.525,309.6427,540.3412,9.9036,37.8797,3.4227,0
7.476,174.9109,20745.766,7.8268,353.4023,450.4582,17.3085,56.5588,4.0761,1
,221.7427,19353.5879,8.4087,364.9541,466.0912,18.7308,58.9503,4.2619,0
9.8907,195.7412,22920.3468,8.7004,,510.2992,17.7946,57.2422,3.5248,0
7.4288,195.6447,27180.1239,6.4236,314.8817,429.5328,15.302,82.9394,4.0267,1
,184.6018,19337.9481,9.4571,354.3188,492.1708,15.0712,82.1731,3.7755,1
,199.424,19411.2314,5.55,290.7862,413.474,13.6432,55.702,3.8362,1
6.8854,166.394,24683.3547,8.146,299.1426,337.3337,14.4631,77.4144,3.482,1
6.6251,179.2509,19078.7972,9.2939,305.3424,450.2954,14.3804,60.0988,4.0279,1
,221.8028,23561.3109,8.9222,330.4327,372.5461,11.0922,53.397,3.9242,0
,187.7822,22452.019,7.8472,,416.4091,10.0884,55.9392,4.1153,1
6.9407,212.6331,13227.573,6.5499,,422.2101,15.2326,57.1601,5.0921,1
8.8338,195.7626,34398.7848,7.0386,299.0898,447.2269,10.4091,72.0342,4.6291,0
,184.9891,27137.8288,6.0057,334.1877,254.1459,19.1308,63.8841,4.242,0
4.2776,164.439,13346.5683,6.077,286.6323,422.6073,13.0976,48.5879,4.2513,0
6.9336,223.6272,12918.2414,5.5835,309.3528,338.5154,16.5871,36.4034,4.5462,1
9.5783,168.906,16992.8002,8.9154,285.4822,345.1336,14.7464,71.0337,4.8539,0
6.5164,208.2996,16011.4907,5.2944,322.8748,518.4141,13.3596,81.7235,4.8769,0
5.7719,145.1414,12625.8285,6.0555,,330.9451,14.8559,53.3337,4.0907,0
5.3254,204.9352,23088.4205,9.2924,421.6657,532.0964,14.3942,75.2941,3.0104,0
5.5365,208.6443,18330.1847,7.7879,,366.0488,16.5163,86.2606,2.9349,0
6.6387,175.1573,12886.4029,9.9153,356.6473,498.9223,15.9543,58.0862,3.9679,0
5.3454,143.1284,34454.5177,9.6545,344.2876,475.8997,18.8646,84.0858,3.4138,0
9.2815,190.9122,18098.2085,7.8675,321.0596,384.636,14.3263,59.5876,4.3312,0
6.6645,199.4157,23889.578,8.9435,306.7282,502.7158,16.1228,62.1908,5.1243,0
7.2397,178.94,9470.3936,5.4141,,194.6466,11.7652,49.045,4.4941,1
9.1942,173.9034,11471.0014,7.5803,339.6736,441.5372,18.3212,54.9362,3.9744,0
,225.7869,12267.8484,9.9805,,411.4721,13.5039,59.4608,3.067,0
,192.3835,29139.0415,7.9506,,483.9832,14.6864,100.583,4.2459,1
7.568,182.42,27293.3591,7.6797,370.684,384.6714,11.8905,53.4153,2.8411,1
,223.6664,18972.449,11.5209,269.0885,453.0031,10.3584,,4.2444,0
6.7965,195.4013,18412.3221,8.5203,392.8735,403.523,6.2362,64.6473,4.2756,0
4.4663,173.1993,23836.788,4.9438,304.5764,476.8651,22.6947,60.0734,4.9376,0
8.0424,224.4928,13499.2467,9.064,358.367,491.7576,18.6901,57.1368,6.1012,0
8.3947,184.2658,18876.745,3.2467,349.468,317.465,11.554,60.3355,4.1573,0
7.6908,226.2465,29198.8943,8.0277,326.6351,575.439,13.2658,50.6571,6.0906,0
5.7224,174.0349,13212.6436,7.854,352.4211,420.3471,9.0614,44.3355,4.8027,0
6.7918,206.5858,26574.9357,6.5089,387.8498,599.7116,16.6902,55.6885,3.5037,1
6.2116,236.4051,20082.9965,6.0009,335.8001,379.9671,15.5832,86.1825,4.1804,1
6.6394,210.9367,22560.2327,6.559,377.6046,430.3603,16.6574,65.8081,4.3062,1
8.9864,212.4033,19663.815,11.5683,413.1686,541.7091,12.2058,55.151,3.0831,0
9.3285,210.7107,28329.6725,5.502,338.4866,401.1605,16.2915,86.9296,3.9368,0
8.064,224.0644,28483.3624,5.9671,,508.977,14.0894,66.7072,4.0924,0
7.8867,198.7567,25697.4254,6.9454,,406.3447,9.6919,65.7451,5.1983,1
8.0746,210.6983,6830.6672,6.6108,349.0019,436.8327,18.3927,55.6375,3.0164,1
,188.6364,22017.7817,9.9804,,418.3068,12.4432,80.846,4.3005,0
6.9688,259.0458,31178.4594,7.784,256.1864,444.6124,16.51,58.5178,3.0236,0
6.0897,167.5417,12188.738,7.0112,,587.6496,16.6912,47.7236,3.7295,0
6.9979,222.9995,7661.8527,8.4445,309.0822,373.9078,17.3658,28.9138,5.0715,0
10.4021,164.157,19024.6589,7.7562,,450.1366,17.154,46.3912,3.7967,0
8.3575,213.658,27930.8472,6.975,294.998,400.8726,14.135,66.9356,4.1806,0
6.5771,238.9413,9911.3692,6.7822,,431.6296,8.4844,57.4229,4.2933,1
,160.4985,23828.7346,7.0338,336.9379,427.8121,15.6646,50.5431,3.1174,1
5.8092,253.3195,18456.9232,7.0366,370.1952,436.5178,22.8264,,4.5194,0
7.6303,164.845,20588.0489,6.608,404.8785,470.3812,13.1889,62.0227,4.4922,1
7.6556,169.4041,24453.1749,7.1676,322.4627,605.4281,16.7093,46.5301,3.7716,1
4.9586,206.6205,19387.8715,9.2834,280.213,310.6847,14.5625,60.9818,5.3098,0
7.7949,160.3414,16012.6048,5.2816,389.7772,411.687,13.0623,64.531,5.7231,1
6.2429,227.968,22387.6471,7.8823,,466.3722,14.626,48.8297,5.0423,0
9.1773,212.0714,34284.3485,8.4387,340.0697,532.6954,19.1124,69.8891,4.5294,0
,107.5865,26149.6736,7.1191,362.0422,322.2049,17.1942,101.9862,3.0829,1
9.6051,149.7198,26967.5024,7.2109,271.7026,604.215,14.5082,60.4872,3.2485,0
,172.5666,12942.429,9.0711,309.8083,482.8476,15.3586,83.7135,4.435,0
6.6567,209.6065,16508.443,6.6065,343.0196,597.5848,6.749,67.652,4.4015,1
7.5207,161.1984,9526.9357,8.2178,,499.7821,8.8852,56.2102,5.0457,0
8.6322,172.5236,29014.3565,8.1278,408.27,434.7675,6.357,72.7623,4.8645,0
7.9118,216.1324,29690.8947,7.5805,279.4457,379.1554,13.5579,75.3767,4.7646,1
,163.6752,24769.5799,7.6096,367.5986,452.7413,18.677,85.1048,3.9779,0
7.3489,205.5822,27786.6996,8.581,,450.36,18.1024,86.6681,4.5517,1
7.1127,151.557,17428.3103,9.5822,336.7354,311.0953,12.2176,87.9169,4.2046,1
6.4493,228.4706,17891.4464,5.5802,303.7275,436.5859,15.9101,59.3741,4.1615,1
6.1273,242.0803,31539.7809,8.916,353.4429,402.4134,15.237,55.8343,4.268,0
9.6489,158.5961,17639.5631,6.1971,379.4931,461.0128,19.1521,82.1782,4.647,0
6.5061,119.048,29955.7296,5.8686,355.3446,334.3938,8.9798,38.0836,5.4039,0
5.8365,141.1697,35486.7164,7.5609,329.5618,354.2044,9.4353,76.8974,4.326,0
8.0166,227.0176,11174.0939,7.5644,240.6965,388.3227,14.3813,76.058,4.0968,1
7.272,177.1829,13524.4111,4.5201,342.695,450.982,12.1318,,3.5804,1
6.9686,229.8179,35849.2972,9.8459,251.4227,369.3267,8.9909,,4.8364,0
8.2285,152.2136,29754.3358,6.5555,373.9805,272.1186,13.3186,50.2047,3.4714,1
7.7983,165.0818,34678.3348,8.3478,288.6451,317.8478,20.7768,34.8934,2.4683,0
7.6124,191.7116,35798.4688,7.8879,257.1982,499.0331,15.0602,80.5132,5.0768,0
8.4974,230.2702,18679.0826,8.2278,,481.2328,11.4269,52.2541,5.8067,0
7.4969,188.4742,38741.3051,7.4017,333.4661,408.5512,17.5174,59.8653,4.0938,1
6.1731,162.1345,33296.089,7.7573,298.1438,471.3766,10.1629,73.7298,4.2503,1
6.5474,205.2487,30225.1585,7.3917,335.7182,357.2834,14.1446,81.2613,4.1708,1
6.3142,198.2815,24189.239,6.7218,280.3578,389.6387,13.285,51.2091,4.6965,1
7.3883,211.7881,18303.4809,9.0374,363.2192,397.3145,15.4636,58.057,2.8898,1
5.4954,189.7265,14764.3806,7.5144,394.7953,520.467,14.3819,64.0395,2.4776,0
4.3863,175.2616,8939.2017,7.8224,335.4077,431.2404,16.0752,77.6928,3.559,0
7.2096,196.1625,14097.4838,6.3734,290.6297,342.2195,11.7801,74.9209,5.1705,1
5.1153,115.0532,14701.3255,6.2638,277.9711,406.7017,14.4576,92.0822,4.3597,0
4.2106,204.1583,23038.7534,7.5409,298.866,377.1183,17.1417,56.4665,3.3216,0
7.6288,235.4071,15314.8888,5.0343,376.3418,503.3506,10.841,48.335,4.0022,1
,213.4186,6103.9987,9.5251,305.248,470.6231,17.6678,47.4054,3.5184,0
7.8093,164.5875,22869.8558,6.6652,267.3404,458.3883,15.1291,71.4272,3.2631,1
,145.7064,3616.4733,6.7622,,374.7371,9.5421,68.0446,3.0875,1
5.4307,238.2068,18395.239,6.4773,397.818,494.9701,16.6958,79.3915,4.0723,0
5.252,178.9415,27288.1191,7.4695,,473.6273,14.9239,50.7553,4.0707,0
,188.6276,8035.4407,8.077,304.4078,296.5621,10.7143,37.5792,4.3214,1
6.6781,202.7259,10837.0154,8.3756,364.5369,416.2587,15.6533,50.6446,4.1309,0
,176.2459,20836.2975,6.2088,294.1807,451.8578,9.4683,55.3575,3.1904,1
6.6668,196.7715,32925.2311,5.5063,,439.1869,10.8479,81.2754,3.4574,1
4.8219,244.1726,20210.198,7.0429,357.4241,441.5039,11.4271,59.6761,3.8598,0
7.1013,179.3378,17428.0016,7.0542,284.7171,453.9686,15.7753,74.1836,4.3116,1
4.4433,257.761,23615.5318,6.0908,,498.4042,20.128,69.5444,3.4435,0
,207.9245,6109.9458,9.1818,,495.3246,13.7845,63.1818,4.7584,0
8.105,205.8601,8151.1145,5.6298,368.306,436.2902,15.5907,64.2861,3.0622,0
8.6852,226.2326,27261.3398,5.8631,315.0905,346.6756,15.1879,44.228,3.7642,0
9.6001,225.4265,28255.5236,8.7182,,246.8612,15.5601,,2.3086,0
4.7923,229.7818,26472.6587,6.617,340.7924,340.8153,17.2705,89.2193,2.6995,0
8.1953,213.636,22488.6568,6.9301,,399.6095,13.4623,70.0469,5.8448,0
,176.6305,25236.8505,5.8952,306.2541,455.8353,16.054,47.9265,4.3127,0
8.5214,248.4809,6023.8374,5.2778,,585.4668,16.247,57.5143,4.2365,0
5.7139,190.6846,11826.8984,6.0701,228.1944,485.1472,11.9712,47.6687,5.0733,1
7.6853,168.488,17876.0666,4.554,338.4604,320.4082,15.6366,,2.8934,1
9.8143,224.7078,29756.9337,8.3493,368.0147,470.6462,19.2431,,3.3525,0
4.879,216.7064,23014.6642,7.671,376.5555,371.7627,7.0487,69.4489,4.583,0
7.7802,194.6185,21616.1163,10.1839,,349.0594,12.4843,83.6592,2.9463,0
8.7151,198.0295,11514.8544,7.0822,365.4758,392.0977,18.0602,55.9561,3.6742,0
6.056,214.5742,22438.9588,6.3613,293.6253,498.2773,16.8496,18.1898,1.9085,1
7.937,258.1864,24694.5144,8.7854,,406.8877,14.6343,83.4734,4.3274,1
,193.1972,26403.4931,6.3931,,481.158,15.5735,64.999,5.1575,0
5.8861,154.7046,20280.2616,8.7737,305.2495,417.6267,11.8203,67.0671,4.5886,0
5.8789,177.1713,39243.0227,6.4378,350.4598,384.4172,15.7733,111.0979,3.5232,0
7.3627,212.202,11318.4501,4.3785,,429.218,15.2095,49.4638,3.3604,1
6.9463,189.0939,29315.528,6.6715,327.8464,565.1826,15.5793,66.9903,4.8792,1
8.4825,174.0434,10321.5366,6.7204,429.2869,421.7294,12.3247,49.5219,1.5992,1
5.6978,219.298,10378.2141,8.0231,,514.4336,14.6197,72.0219,3.6691,0
6.887,219.5645,27774.5608,6.4992,,536.6766,8.4424,90.9027,3.1743,1
8.4928,188.9902,18059.6403,7.596,385.7425,544.4888,16.5648,57.1653,4.2562,0
7.9043,204.84,14971.6231,7.5781,363.8338,445.4645,19.1959,71.6179,3.196,1
5.1328,174.9167,21949.784,5.8373,,500.7638,10.4945,57.582,4.2964,0
8.0578,175.7976,43920.7275,5.4601,454.5539,456.6654,13.9499,52.7479,2.6686,0
6.3767,184.4846,16351.379,6.0323,,322.8954,8.1275,84.8499,3.1297,1
,151.3528,18749.62,4.651,373.9696,379.2111,16.8307,56.5948,4.7008,1
7.522,206.4764,32453.3509,7.3136,378.3886,392.1595,12.4172,51.9161,5.8459,1
,192.8957,16795.9864,8.1796,,572.5176,13.9546,75.0943,3.1902,0
7.2513,178.9418,42684.7587,6.6832,,340.9804,11.5945,77.9511,2.4965,1
4.3549,198.7595,10536.1742,6.1766,366.3346,346.1641,10.6273,76.1892,4.8489,0
5.0663,199.6104,19880.5131,5.3461,320.0805,473.6246,15.8843,45.6627,4.1417,0
8.1548,171.0476,30337.5372,8.171,335.3297,471.5281,14.8484,42.5106,2.265,0
6.7003,175.9429,19764.5328,8.8223,,424.6718,17.1517,75.217,3.4647,1
8.7528,169.3068,17446.8769,3.8023,312.7086,334.4294,16.4296,,4.0654,0
7.482,238.8617,9429.3063,10.3489,382.9773,181.0,11.1372,48.1502,4.1878,0
5.9789,140.3921,20602.3281,9.5629,316.0327,551.0106,19.8833,69.3021,4.7542,0
,192.2012,29284.3661,6.3465,392.2385,392.4932,7.2623,63.9453,4.4313,0
5.8931,221.8538,19428.2164,7.1545,,454.9953,16.1993,,3.2911,1
,159.4836,13071.0888,7.4113,271.1096,376.3711,16.4134,92.3381,2.5467,0
10.1138,163.362,33411.6625,7.7729,299.753,341.9024,18.9622,59.4436,3.9099,0
4.2712,162.6212,29178.3056,6.6008,,381.1537,9.6433,71.5766,4.4587,0
8.0155,135.6812,26809.1256,7.8002,390.6995,526.9975,15.3174,70.4753,5.0951,0
8.4601,232.2566,19802.5773,8.1618,322.961,486.6919,10.2573,59.196,4.7966,0
,185.6763,14219.7472,10.9643,369.0947,620.4051,21.3724,78.3574,3.733,0
4.6054,157.1907,31724.9252,7.0612,,356.8107,6.5181,78.8204,3.44,0
8.5721,172.1519,22273.4521,6.1682,346.1934,392.9654,14.8375,67.1821,5.0952,0
4.9609,198.1439,18405.4954,8.7237,302.074,422.8116,15.9105,82.4783,4.6391,0
5.1049,181.5929,20096.3085,7.1261,339.3447,501.9476,11.6792,54.0305,3.4583,0
6.5483,163.0394,25065.766,7.4055,368.2196,532.6342,11.1401,63.2381,3.6925,1
8.2391,208.4097,29063.9811,7.3094,330.6011,346.9851,23.6802,54.0722,4.3521,0
,163.033,21479.9325,6.6127,365.3562,420.7097,12.3925,73.4477,2.0868,1
8.2718,178.921,18330.9904,6.4795,305.7548,362.4094,12.9179,67.1437,4.5167,1
6.4278,197.2443,11776.7429,6.4336,277.7011,353.3891,15.3061,80.9098,3.7186,1
6.8269,167.9863,19219.6384,5.9957,313.4753,490.9753,14.0971,83.8826,3.0134,1
,194.0404,19793.0541,6.4906,,422.0536,8.5726,78.5915,2.9427,0
6.6142,170.6156,24427.1978,9.9953,270.0812,461.6862,10.2415,75.6984,3.2645,0
7.9519,278.0298,21441.7363,7.0667,343.2051,515.8877,11.4108,75.5221,4.1996,1
6.6393,178.0282,16946.4695,5.9569,,486.9609,12.561,93.2124,3.4242,1
7.7789,213.6236,20622.9975,5.6295,,588.116,15.2652,39.6605,5.0583,1
6.2373,163.3654,27051.7839,9.0061,345.1339,512.4753,13.0311,78.2831,4.397,0
6.2092,154.7637,20754.4795,6.2333,,438.6451,13.3167,67.4525,3.7325,1
,187.0206,20091.4825,7.4119,273.4446,385.4442,15.9499,45.7503,5.0209,1
,179.7655,19443.7921,4.5029,434.3919,442.9135,13.0957,59.1464,5.4365,1
7.9508,179.8881,18705.587,3.9632,336.9878,494.3145,15.0096,50.9863,5.1891,1
7.3421,189.8375,24585.9115,7.5449,297.8812,448.1838,16.0644,70.024,4.947,1
9.6383,219.5744,26979.3727,4.5828,345.3901,345.6594,13.6972,74.2323,3.7841,0
6.7573,252.9692,19088.6034,7.4917,255.8727,399.1866,13.5276,69.5188,4.7493,1
6.7459,256.332,19965.2621,8.4801,339.8155,353.5083,17.8843,48.715,4.4461,1
5.551,192.5981,25008.5383,5.8663,334.7761,587.5667,16.945,54.9548,5.7558,0
7.1135,250.1409,28186.1937,6.3651,230.594,503.6491,24.4776,65.0731,3.9651,0
8.0838,245.8396,33579.5836,6.4605,,331.1763,16.2769,54.6892,5.18,0
5.9918,170.0142,10054.2131,6.0525,281.7177,414.8268,15.055,50.1535,3.4492,1
7.007,174.4992,29017.0192,6.525,311.329,486.6639,17.1697,39.1836,3.1453,1
8.1363,186.8639,17448.6274,6.4685,341.2553,456.9601,15.7693,62.607,3.1394,1
6.8934,253.8159,27053.3204,6.7891,315.6913,406.1165,17.3192,79.7134,4.5312,1
,185.2646,29606.1266,7.2114,289.6682,220.2776,13.3336,60.095,3.1589,1
8.5104,181.958,37636.86,7.9139,,535.2834,11.8711,69.0724,3.9149,0
7.2226,234.8308,17299.6256,7.8362,346.285,356.3715,7.9406,44.3214,3.5398,1
,183.7562,30517.444,7.2159,327.6471,517.6769,17.5291,55.182,4.1987,0
8.8019,184.5605,658.3879,5.9432,308.3508,507.4454,9.6987,,4.4155,0
8.7636,208.9252,22152.4455,7.889,279.5676,393.3949,19.2762,44.1259,4.1081,0
6.5696,195.0621,2593.7381,8.3494,320.1613,409.6474,11.826,103.7734,4.6249,0
6.3076,110.7075,15464.2516,7.3518,391.5148,438.5063,10.798,57.8328,2.8811,1
7.4979,148.625,11920.0,6.5675,,403.6819,11.378,39.2296,3.7793,1
,212.1271,9057.0851,10.4025,374.6104,418.4879,12.4783,64.5521,2.9233,0
4.2872,142.4465,21457.932,3.7305,,407.0037,16.2665,67.0215,3.7167,0
8.9548,228.9466,12112.0362,8.084,339.1536,568.5496,14.5986,75.5865,1.8809,0
7.1085,186.698,11606.958,7.4827,277.4703,501.4783,12.4678,81.7236,1.8541,1
8.1625,197.211,14702.4953,9.4258,351.1168,334.8512,21.6933,60.2829,3.3492,0
5.3558,198.1167,17049.2729,9.9488,,333.4987,7.6145,74.7298,4.4638,0
8.9737,130.5318,26030.326,8.1231,345.0521,458.5073,15.0835,75.6399,2.6027,0
6.2153,165.7591,17710.7788,6.4618,381.5406,485.8729,15.9183,81.1728,3.5278,1
6.9217,154.7139,13514.8964,8.0161,,413.4617,16.4547,94.0248,4.9128,1
,196.7043,6774.9465,5.3978,379.673,242.1239,20.7988,79.9974,5.1305,0
6.8346,238.6109,26552.268,7.2847,335.7407,550.92,15.0948,68.1186,4.3938,1
6.7422,181.6121,24019.9838,5.9947,,314.9016,8.6888,70.8994,3.5547,1
6.8075,191.27,26897.3386,7.9031,318.2065,429.5479,18.9306,78.708,4.4322,0
7.7246,125.4046,15729.3857,4.4928,361.9245,377.845,11.5422,45.486,3.4457,1
7.1687,176.7991,31968.0847,6.6425,306.7095,371.9589,11.2965,79.9805,2.4845,1
8.5144,181.0968,26342.1171,7.4567,360.1552,332.4226,15.4818,64.5828,3.4145,1
6.3918,182.9072,41232.5415,6.8146,340.8179,349.1421,11.4636,56.8872,4.617,0
5.6159,208.5198,18395.887,6.6386,304.002,489.5856,13.0297,84.045,3.271,0
7.0519,234.7077,28812.2075,6.0186,224.4021,578.368,15.6685,83.4918,2.968,1
8.0037,188.5597,35618.0532,6.7849,,434.8625,10.3066,47.4868,2.7547,1
8.9096,201.8885,19555.3127,9.3739,368.3614,455.0495,16.2385,60.5066,5.1199,0
8.2765,138.3219,21370.8187,6.2686,308.9626,474.5665,9.8736,56.3495,5.246,1
4.4848,208.8761,17268.4638,5.2038,363.1436,493.4099,11.7747,,4.785,0
7.6343,190.2489,19230.793,5.5967,293.4017,386.4512,8.4769,78.9932,3.7307,1
9.2267,132.2125,28562.6757,6.497,379.4483,499.7173,16.319,67.5699,3.7829,0
7.172,200.1589,23369.6866,8.2073,400.0155,409.8741,17.6371,39.0746,4.4378,1
6.3214,167.7619,12505.5195,6.7499,342.5818,392.1204,14.6702,78.0975,3.4597,1
7.5345,222.1323,42989.3114,8.332,352.6139,182.9223,14.35,90.2631,3.8493,0
6.3402,204.1846,15456.6331,9.25,,420.3597,11.0444,57.4993,4.303,0
,191.9406,31706.4168,5.8258,393.6062,303.5559,20.5049,60.6966,4.0844,1
7.0609,245.1667,22136.3249,7.498,,458.7897,12.5918,68.255,6.234,1
9.1277,184.0944,27600.1196,6.7063,358.8772,452.6147,13.095,90.5111,3.4994,0
7.8143,179.2633,26714.612,8.5581,418.8078,325.4911,15.6196,51.8418,3.8319,0
6.0159,190.4926,28719.8156,8.393,,424.4638,11.7983,,2.3298,0
7.9688,193.258,28677.0122,7.7332,,397.8339,9.9899,84.4369,4.8949,1
8.4559,161.7618,36709.4772,5.4606,353.5584,385.9465,21.1025,67.401,3.468,0
6.2444,208.1597,15906.2026,6.6251,308.3532,470.3989,14.0704,65.5688,4.3148,0
6.4541,203.3746,10427.2401,7.0124,308.6169,454.8033,11.7127,55.3853,3.2232,1
3.6914,172.5929,7387.8293,7.0224,383.5961,378.7532,15.3973,56.5004,4.4684,0
8.408,139.015,4084.998,6.2034,302.9327,287.5318,10.6337,63.1363,3.9787,1
6.216,229.2424,26110.7528,7.5224,319.2817,476.6482,9.1488,47.8853,3.7762,1
3.9601,233.0101,6606.5671,7.8025,276.7775,316.6054,6.1133,72.0987,4.1272,0
4.4799,219.7401,7790.1814,7.623,341.1943,375.6723,15.0196,105.0943,4.5561,0
6.7523,222.8357,23807.8472,5.9613,291.0087,420.6009,20.159,79.7231,3.7177,1
8.1982,249.5522,19206.1668,6.5464,325.2054,477.5227,9.0147,54.2989,5.0851,1
,202.2127,22472.3536,5.3787,321.8146,459.2636,15.3826,64.1911,3.2952,1
7.7735,244.8723,320.0,6.0316,330.6575,392.0218,9.299,59.8804,3.9815,1
5.4608,187.2445,10525.3036,8.0613,303.7553,465.6611,18.7393,41.036,3.9607,0
,163.9741,8252.4038,6.8151,,441.9183,14.2599,101.513,2.7193,0
,193.0829,21341.8987,6.8728,380.2506,569.0277,17.0487,27.0401,3.4474,1
7.8035,182.5399,21182.9183,8.75,372.2343,440.7985,12.5908,58.6928,5.0146,1
7.0352,208.9524,24984.4786,6.2693,358.213,408.1856,11.467,62.2651,3.4926,1
8.9647,252.2343,32147.3994,7.1486,355.3897,314.7998,12.9163,51.5861,4.5799,0
5.6818,206.9015,51606.7576,4.9151,,407.0367,16.5113,,3.6344,0
6.4622,227.507,16972.3894,8.5114,324.4712,337.1428,14.4117,53.2819,3.8451,1
8.5888,262.9615,27613.4901,6.8617,,273.2059,10.775,48.6892,3.7978,0
9.7816,252.2704,29423.8972,8.3302,,356.337,20.0911,71.1592,4.447,0
7.0924,196.6666,20610.9396,8.2943,,501.0196,15.4891,66.0313,4.5021,1
9.5489,171.8296,12913.0955,7.0686,280.1406,504.761,14.9397,32.4964,4.9257,0
6.1943,263.3057,29086.036,7.9672,350.9799,418.3928,13.2777,56.5322,3.1618,0
7.5647,158.7913,29350.1121,4.947,310.6108,340.3437,14.0159,61.1106,3.2023,1
,134.4268,26423.7453,6.3243,345.5517,380.5975,15.7801,104.7365,5.1134,1
4.7453,128.7319,15309.0131,4.2533,402.6848,301.3789,11.567,67.1985,4.3526,0
,232.3184,2240.6036,8.61,356.2059,466.1012,24.9649,110.7377,3.0219,0
8.4511,145.9021,12555.1031,8.0467,331.7905,479.1247,13.3507,53.1403,4.3197,0
,185.7448,32071.8518,9.2845,297.4773,382.0297,10.4603,53.1797,5.0062,1
6.9764,189.824,31960.5561,9.1745,,399.7879,16.9552,76.402,3.8067,0
9.1276,236.8121,12778.7436,9.5064,252.2454,407.1184,12.6361,91.4107,3.7809,0
5.2429,149.2194,23806.9364,6.8566,300.7256,355.7408,11.9523,35.2889,3.7366,0
4.8785,195.852,32937.4777,4.8961,231.9973,450.4237,8.9754,69.9646,4.0373,0
6.1186,204.0468,33191.4853,6.5399,325.1219,329.1679,12.0898,45.8418,2.4316,0
5.321,240.3488,13583.3803,10.3091,299.6975,372.2948,14.1194,73.8643,4.4304,0
9.059,186.3689,20047.6092,7.9892,310.3026,507.079,9.0724,51.1534,3.7189,0
7.5352,203.1599,21076.0668,8.9301,290.3258,371.095,14.2572,72.8864,5.0768,1
,185.1322,12050.1454,8.3227,414.16,458.9711,19.106,66.3436,3.0475,0
6.1767,230.0905,36823.8595,8.0435,365.708,504.322,15.628,51.1082,3.8252,0
11.2858,225.2353,6288.1164,6.6653,363.14,476.5081,13.7044,91.9572,4.5135,0
6.1832,181.6826,25242.2682,5.4499,304.4325,497.7871,10.7742,80.0318,3.6408,1
5.9598,212.3796,30626.2375,8.5015,364.9022,445.7991,17.9779,54.9011,3.7703,0
7.5273,145.9114,25661.5793,5.773,,504.9552,13.8847,47.2078,3.31,1
8.0182,196.7244,28209.505,9.6645,318.332,422.2577,20.0876,57.1359,3.0261,0
7.4059,165.5126,2138.8123,8.0041,268.8637,325.8283,8.4542,50.3414,3.5696,1
5.7443,180.934,22205.8666,8.1785,336.0403,413.2351,13.1377,58.2949,3.8417,0
5.376,227.6955,24374.0768,7.1925,225.0963,399.8173,14.8676,88.5606,4.2328,0
7.9563,265.1703,24257.0788,4.5677,300.2133,295.4614,14.4738,42.8878,5.0485,1
7.0003,201.5354,10275.4264,5.8184,,456.5827,15.64,74.7155,3.5076,1
4.6671,190.2152,19713.2458,8.604,347.7274,487.3744,16.3802,83.8614,3.8918,0
8.8014,183.8851,14621.121,5.2442,,314.4009,6.7307,57.454,3.2925,0
,219.4816,33973.8032,5.3208,367.5376,341.2615,19.5394,79.2554,5.7577,0
6.7258,189.033,16086.4916,9.4284,274.4321,393.1913,16.428,83.8544,3.7399,0
6.6974,227.1014,20660.4207,3.9678,,377.9868,19.6099,108.3419,2.9875,0
7.4202,245.4238,20266.1539,7.0276,413.787,521.8633,15.6891,58.1666,4.6279,1
,215.5482,20007.4826,7.7067,309.757,381.6538,14.7751,72.382,4.8474,1
5.098,182.3406,36644.7978,10.1552,293.9895,448.1685,5.2964,58.6469,3.3115,0
7.5541,220.0559,34555.728,8.7819,306.2147,328.6678,15.4351,47.3776,4.5523,0
4.9645,172.393,25173.0847,7.8363,306.8417,394.2481,9.9391,80.676,5.241,0
,137.3658,18948.105,4.483,367.6074,463.3459,18.728,90.6305,3.4747,1
4.9614,232.5682,18014.2727,6.7461,,358.6331,11.4163,50.1934,3.6039,0
,258.0775,5636.9597,4.5423,,221.4019,15.6957,55.9614,3.9318,1
6.8806,238.5759,22539.1223,7.5699,,455.9765,16.372,35.3733,5.1793,1
,183.3181,24630.0263,5.0363,291.9805,459.21,14.0593,68.1735,3.8596,0
5.5154,84.0247,20386.7486,8.6799,332.8435,486.1385,11.8262,81.3021,3.9774,0
5.0,170.9956,13804.8023,8.1298,332.4816,515.4208,23.8044,56.8433,3.4532,0
6.1301,215.4092,32272.8905,6.3282,337.1412,350.8146,9.6702,70.9671,4.0052,1
5.4281,181.986,28658.0753,7.7984,343.5079,336.5928,12.2753,59.1821,2.9443,0
6.213,240.6056,23340.4271,7.491,318.2181,258.2865,10.7665,51.3347,4.1195,1
7.6986,168.1755,35721.0972,7.3271,348.4713,459.7641,18.2871,58.2333,3.5685,0
8.2148,211.0997,24181.973,7.1757,259.3972,412.8097,16.8286,88.3823,3.9222,1
9.5196,202.1617,37888.8854,8.2844,309.6651,392.6731,13.4128,90.7781,3.283,0
5.9971,203.2508,20395.835,7.2699,384.1835,558.9936,11.7908,65.3115,4.5189,1
10.9587,148.5368,23339.5253,6.5899,344.2155,414.6275,13.1793,56.763,4.5266,0
9.9938,191.3086,16800.5562,7.7348,318.9145,417.6,16.9067,37.4912,3.1971,0
6.7808,203.3076,29946.5074,6.0942,,383.2981,19.3427,,3.3795,1
3.7116,181.4516,17800.9968,9.0345,305.225,465.4194,12.7925,83.4455,4.1637,0
6.9578,151.4991,25562.8401,8.4204,324.8298,375.812,14.0575,,4.3649,0
7.1866,178.5007,23174.8145,4.0252,254.8276,487.2859,21.8295,71.4052,4.3162,1
3.7001,163.0177,15518.6987,6.7195,315.4462,547.0695,19.8488,71.414,4.7085,0
7.1885,205.8519,41306.3556,6.9681,,381.6793,15.3631,72.6858,4.2209,1
6.7858,226.2851,31602.4107,7.0543,,517.2765,13.3611,98.0575,4.5701,1
5.925,205.1653,20001.4461,7.91,,265.1965,15.8467,62.1759,3.0567,0
8.0011,206.5226,29473.0372,9.1884,,419.5424,12.9061,85.3089,3.4932,1
8.5579,188.423,25120.3274,9.4247,316.577,420.019,15.4299,89.7731,4.5656,0
6.3653,200.6491,18298.1561,4.1908,406.2319,419.4726,15.9545,83.9999,3.4856,1
7.4173,130.1157,38086.654,8.508,414.3356,493.0912,16.3744,70.0568,3.9749,0
6.1175,196.6898,29385.4629,4.2822,206.9486,621.7257,15.2971,77.5599,4.2972,0
5.9237,223.4681,27459.2531,8.7588,301.7196,556.0524,17.947,68.4342,4.4498,0
,176.8307,26684.1943,7.8382,379.5623,493.0408,17.1077,92.9991,4.4337,1
7.8494,217.0236,28023.1253,5.9295,344.7604,423.2006,14.3834,96.725,4.0306,1
6.252,144.5733,28838.5651,6.414,389.8828,368.475,11.6948,53.7637,3.1832,1
3.8259,195.6617,24379.147,6.4142,382.2233,430.4775,13.1702,75.8218,4.2678,0
7.9411,187.9106,23948.4323,9.0226,325.7653,394.9716,20.3902,66.2971,3.3927,0
4.7331,209.4271,23330.9888,6.2842,377.796,359.7485,16.1516,57.485,3.5993,0
7.2593,198.8635,9116.0395,6.5208,328.3174,446.4234,19.454,,2.9118,1
9.6952,267.3795,20704.3756,7.7771,279.5916,528.8762,11.5946,113.0135,4.4695,0
7.0553,89.1402,32943.4875,9.6765,337.1259,331.7638,18.1273,77.6792,4.4285,0
5.3311,146.1898,35684.9631,6.2611,384.8631,536.1877,22.8302,60.5121,3.6243,0
4.9321,171.7487,24049.3796,7.5751,366.2732,457.4325,11.482,80.9933,4.2511,0
8.8006,197.1125,15354.6038,6.0361,,624.3925,19.2275,63.2807,4.3548,0
7.0551,172.643,31113.9643,8.7158,,376.3123,12.871,,4.5685,0
7.8734,171.6603,15280.3255,5.3747,387.4105,512.9962,14.5139,66.9815,3.4187,1
8.4417,141.9527,13328.4169,7.7425,388.175,326.0911,12.711,41.9997,4.0909,0
,149.0828,10090.0085,7.7715,253.7611,359.8814,13.9291,79.5962,4.4994,1
6.6264,165.1506,4460.3028,6.5641,297.407,431.5793,14.6976,78.2348,3.3819,1
,243.9998,38651.1291,8.9111,306.2584,439.4198,10.3022,37.885,3.4335,0
2.5487,167.0877,22598.6715,10.0225,302.995,483.2546,16.424,78.634,4.1729,0
4.8485,284.9416,320.0,7.1686,244.9315,328.2147,13.2173,74.8986,3.2628,0
6.9777,229.0774,15069.0588,7.6633,,402.1792,12.3132,72.013,3.9288,1
6.8224,184.3812,7310.8814,7.4522,378.7455,398.1382,20.7498,65.2708,4.2324,1
7.6732,220.8837,29609.4317,8.9619,289.6353,417.6436,16.5495,98.4006,4.2941,0
6.8938,227.6989,16407.6324,8.4003,,487.4745,11.8492,74.2198,3.7651,1
7.3143,154.3223,15480.5786,7.2812,290.1855,552.4536,14.6155,33.6885,4.7194,1
8.2381,140.3212,27573.9925,7.0525,347.8218,303.465,12.803,68.1562,3.1881,1
,242.44,36037.6443,5.9975,,452.2929,8.6398,73.666,4.051,0
6.6579,162.2675,15261.4713,6.7446,281.4376,409.0527,17.1032,69.4575,2.9688,1
,222.6192,21463.9955,7.1771,341.6498,438.8797,9.4528,81.2732,3.8218,0
8.5102,216.4761,13398.678,9.7254,,477.9519,13.7036,63.5337,4.214,0
7.1365,138.7575,29950.6643,8.4841,328.0314,466.6358,7.2961,58.5985,6.0312,0
7.8,215.3892,24016.0583,3.8771,,283.2394,15.9855,44.0691,5.6102,0
9.3475,212.6433,22952.8256,6.3525,364.0608,505.0777,13.1552,74.0195,3.891,0
8.6669,236.423,14763.4293,9.0285,267.6046,440.2685,15.4431,85.5364,4.3696,0
,192.9152,34771.8145,8.8887,386.1917,363.5318,14.3436,66.0792,4.4163,1
,209.106,19258.7019,4.434,,482.5126,15.1215,55.7196,4.1004,1
4.9754,206.5585,32081.2067,6.9806,253.3915,426.8768,14.2136,58.6176,2.9695,0
7.7178,186.2816,32513.0677,9.565,366.1141,241.8428,11.8465,68.399,4.1317,0
7.2842,248.2167,11851.5908,6.0561,379.0213,448.8743,7.7445,43.0543,3.0519,1
4.7011,226.0424,20121.0434,6.5179,294.9442,549.6528,20.5773,66.4336,4.6595,0
9.0459,244.8995,24048.0851,7.2889,333.759,426.2832,12.6911,31.8828,3.6138,0
6.045,205.821,12440.1809,5.5687,302.8709,355.228,19.3684,52.9887,3.6577,0
8.0843,232.5833,20984.1116,8.7757,357.8164,501.7097,17.1793,82.3582,4.5222,0
6.4627,162.5402,24621.5686,7.4303,311.5681,375.1989,13.4856,,3.4478,1
8.5405,173.4976,7486.3565,7.4457,342.3197,499.8145,12.2875,65.2626,3.8418,0
9.009,227.1556,19214.5171,6.1099,,524.4899,16.0371,,4.9218,0
5.8598,186.5084,24626.0897,8.7542,355.1581,431.0913,16.2443,73.1633,4.2467,0
4.8303,180.9361,17802.8238,6.6099,334.1299,312.0913,14.8501,41.1968,3.5758,0
6.8868,199.2724,16713.5393,5.9146,438.2832,497.6162,14.8176,57.0319,3.7119,1
8.3279,141.7291,9609.2129,6.8788,387.5019,459.9209,16.0087,95.4245,2.4331,0
6.5342,199.5561,21956.2392,5.1039,308.8606,387.3102,12.8423,63.5099,5.2373,1
6.1781,210.2035,23596.266,6.2538,279.7415,501.6921,9.9996,71.3546,4.4921,1
7.7978,183.411,20903.3228,10.672,,433.3511,16.3305,57.1555,2.9832,0
3.0206,156.8785,33680.2783,5.918,,253.6729,11.4655,60.2899,5.7803,0
6.1029,251.9265,21891.458,5.7507,363.2103,465.5928,15.8805,67.5192,4.2996,0
5.0458,208.0771,18174.3283,7.1504,375.7529,379.562,13.4018,60.338,2.0835,0
7.5134,160.1106,36977.3257,7.6246,394.2638,369.7022,10.6045,60.7245,4.5357,1
5.9977,174.5217,27939.6733,7.7713,,546.9229,10.1999,101.8543,3.7853,0
,140.5353,31456.5239,7.5068,382.48,384.6806,11.0768,53.62,4.1225,0
6.5599,136.4315,33146.6113,4.5641,,414.4932,13.1988,122.5203,3.2321,0
,130.7704,17414.3777,6.4078,330.5507,354.463,13.7854,90.8007,2.9874,0
7.0607,166.3881,13486.2928,3.7231,340.4973,376.3172,16.7424,21.6084,4.5798,1
6.0769,207.9195,36332.3424,8.2109,399.2159,433.6092,12.9499,61.7944,3.6735,0
6.5252,218.4174,5343.6997,7.7632,317.0378,442.5057,12.7243,99.455,3.9988,1
6.0258,190.1842,17335.8825,8.4007,,521.4986,10.846,69.2891,5.8305,0
8.421,227.7459,35854.5687,4.7506,,509.5873,15.4757,51.1883,3.478,0
6.92,212.7621,16180.2647,3.9976,,345.7666,10.7139,69.5345,3.9423,1
7.851,155.9978,28483.0982,7.2315,,405.9213,12.7154,76.789,3.8053,1
7.7853,166.12,14983.3409,5.5827,333.9159,419.755,15.9462,59.4732,3.6261,1
5.895,203.4134,42681.984,5.2904,315.5035,399.419,17.2088,39.9497,4.4997,0
7.9179,216.5129,21317.8365,5.8362,310.0519,392.6904,17.2248,77.9519,3.3426,1
7.5932,229.8716,29104.8109,4.7396,,520.3249,16.7372,59.7559,3.9002,1
7.5411,148.5768,10406.4811,4.2733,293.2938,454.5346,15.4331,88.6998,4.2916,0
6.4939,129.7774,28442.3603,7.6559,,474.2537,14.1623,80.6878,3.0736,1
6.4525,260.7882,28041.0672,7.5709,319.1888,460.2335,18.4739,69.3094,3.8843,0
,184.9114,18039.1817,8.2786,266.2246,399.8204,13.8062,43.0502,3.9927,0
10.2875,227.1937,28008.2208,7.5787,216.9042,315.6894,9.1619,71.0871,4.1739,0
5.8597,195.3974,20203.7044,7.2399,,391.3054,15.547,65.1719,3.8683,1
7.8656,148.5952,25522.1184,7.7793,350.1083,407.8819,12.9935,105.776,4.4116,1
,240.6361,17632.116,6.6254,323.3314,462.7268,16.5233,54.6099,3.7404,1
8.2337,209.894,18076.8299,7.2739,307.2532,370.8706,13.7368,62.5692,4.5156,0
,243.3139,11305.9903,6.8313,328.3482,392.0465,11.9093,52.8319,5.0268,1
8.6384,214.5554,25898.9649,3.5924,346.7131,382.7894,16.1775,63.6709,3.4092,0
2.9717,161.8994,20234.2377,7.6725,320.2075,369.8204,14.308,59.3106,4.4725,0
6.1964,193.3524,15947.1729,9.747,289.5558,538.6032,11.63,87.3808,3.162,1
5.6274,227.6466,36419.0781,9.4564,386.0149,520.2837,9.3025,95.0277,4.9809,0
6.9213,171.864,22249.8816,6.7507,329.0595,541.6998,11.1025,62.9586,2.9306,1
6.0159,200.9571,20834.3809,7.6408,349.8219,535.0459,17.6055,67.1722,5.1905,1
,233.217,15750.2748,7.4291,305.3613,333.7083,19.7407,73.9508,4.8828,0
8.0823,153.9511,30202.4648,9.7832,337.8799,537.5467,16.9271,22.0152,2.8616,0
9.8758,182.5502,23431.0209,9.6792,373.8212,399.8948,10.7454,77.0533,4.3646,0
2.929,200.6835,14862.3238,5.927,293.7457,473.6345,12.6052,,4.108,0
6.6236,226.5984,19921.3338,5.9094,322.7262,388.7685,13.9665,49.3718,3.2677,1
7.5387,191.8266,27158.2186,6.3939,316.9789,401.1747,15.7977,71.5526,4.5157,1
7.087,171.3277,23007.6937,6.1886,283.7412,302.4993,11.3551,38.0064,2.864,1
6.5727,213.5702,32265.9898,9.4872,401.4795,227.1626,17.1281,60.6816,3.346,0
5.0904,174.8865,31050.2357,4.1467,282.1609,381.2016,17.2537,,3.8188,0
5.6943,208.915,41255.427,5.3813,351.6775,402.1155,12.0147,69.4244,3.7591,0
8.1457,206.9374,16400.4738,4.9216,,442.7573,12.1567,90.0392,3.9115,1
8.6614,188.6482,21723.8315,6.0684,324.159,420.8935,16.4532,53.2576,5.1247,0
7.2221,223.4856,19995.5986,8.07,310.6281,475.81,17.5783,70.079,4.3328,1
,234.1622,20014.2309,5.4341,,457.6904,16.3682,75.7283,4.4621,1
7.2207,152.0788,22726.3588,8.3445,327.7223,423.8869,10.6274,67.9332,3.6328,1
,212.4215,19063.3185,9.6683,234.7335,390.0315,8.8232,64.8601,3.7921,0
7.882,189.8115,29967.0582,7.3726,292.6968,406.387,14.9954,49.0074,3.7579,1
7.2539,185.358,11401.3646,8.9786,337.8544,545.8054,17.6603,17.3277,3.5012,0
6.166,198.137,22608.6806,6.7629,396.9558,371.9804,16.8231,52.5117,3.0481,0
7.3603,234.2198,27612.7225,7.665,330.0446,391.2792,10.9268,74.5106,4.8121,1
5.3463,190.5695,30883.535,6.6895,,474.4208,15.8287,48.3748,4.759,0
8.2854,184.8039,22033.5298,8.8358,366.3091,413.6087,16.1951,68.9196,3.8912,0
,154.0948,24882.0368,7.635,347.7231,444.3045,12.0962,100.7127,4.69,0
5.3476,190.0229,22671.4061,8.1415,282.3233,501.6888,9.8565,80.023,4.8286,0
7.6989,195.5443,26487.3021,8.5045,,404.0904,21.3222,66.6889,3.5997,0
5.6228,164.1335,20667.4367,8.7212,,317.1559,15.8538,74.029,4.5057,0
8.6554,185.6201,28428.8508,5.6414,,481.9978,17.1474,57.7114,2.5909,0
8.4091,211.4811,33934.1378,7.5426,282.0472,236.3971,21.8326,85.3642,2.8678,0
6.7416,241.5839,40347.8723,6.0086,279.2136,495.1194,16.3179,65.6938,3.8826,1
8.5426,186.4783,19302.5657,6.5157,,387.8575,11.9908,65.7367,4.1693,1
6.4463,261.6856,29562.4158,7.1129,367.3554,377.8616,13.2725,26.6914,4.4956,1
,228.9056,24617.3684,8.0451,302.6039,420.6081,18.9062,53.5742,3.6577,0
6.244,224.7468,25937.814,7.0889,357.6668,320.4666,14.8773,50.4871,4.6202,1
6.8729,215.7817,18386.5967,6.7682,272.2943,296.563,12.7171,61.3739,3.889,1
6.6046,199.67,23295.2109,9.1426,358.2471,261.6389,20.6013,37.3413,3.855,1
7.3069,175.7908,27167.4181,7.8388,334.3662,395.7939,15.3189,83.9808,4.0478,1
6.1759,194.3886,22520.7249,3.8481,328.8658,365.8483,16.0139,87.1913,4.1387,0
8.2041,198.6717,18794.7923,7.7391,237.9927,241.34,17.8098,70.8847,4.2306,0
8.5808,202.0745,32947.6274,6.4268,,464.2734,9.0598,86.7676,4.5334,0
6.3511,247.591,23406.3456,8.1472,328.2301,375.2797,13.2723,65.3324,4.0097,1
4.9821,262.8962,20317.9031,8.3142,,498.5377,15.3219,55.6726,4.2901,0
8.1441,214.8071,22483.3371,9.7227,282.5835,447.3372,13.8367,40.5125,3.667,1
8.7537,230.147,20439.551,6.5849,385.0799,449.2845,17.0154,75.9513,4.31,0
6.84,174.6256,15785.8044,8.4759,309.4232,480.2291,11.2352,65.9854,4.2847,1
5.1888,131.9952,26804.8726,6.8692,,387.1575,11.115,77.3098,4.542,0
7.4721,194.109,20275.8106,6.0894,321.0309,469.7397,14.4306,62.7865,3.6777,1
9.3213,205.627,11481.6859,4.7282,315.4651,459.9026,14.3195,49.3032,3.4721,0
,243.7099,31018.8106,7.56,354.7022,404.3981,9.7794,49.8386,4.0109,0
7.7826,277.2301,19236.3328,9.3775,348.1645,562.4682,15.2131,67.0383,4.0382,0
,206.4248,9703.8113,6.8045,380.8268,538.5839,18.7543,73.8516,3.6708,1
5.8222,240.6893,21501.1658,8.7785,,491.369,13.3524,69.7835,3.8441,0
7.8124,234.3959,16014.4425,7.2641,361.1086,428.93,11.2574,60.5327,4.7099,1
,204.9555,23726.5083,8.4023,288.6982,407.2023,20.7601,88.4242,3.2039,0
7.5165,225.1486,11832.1362,6.8899,332.2594,451.2963,21.2112,67.1216,4.2261,0
9.0105,210.6024,18477.2769,7.9873,,440.0509,13.77,56.1355,2.8537,0
7.3397,249.1108,7845.7448,5.5869,,520.9019,17.3077,55.119,4.3818,1
5.7918,163.3194,10092.4682,8.2717,321.3781,453.4178,12.3649,57.5499,3.9238,0
4.4644,121.8341,22776.9778,10.0405,,438.6407,14.3423,69.0497,3.8556,0
,202.5366,17042.5583,8.8185,,435.9892,10.3289,63.7659,3.6575,0
4.3734,228.6229,35107.0995,6.3146,,422.7677,14.1144,69.3824,4.1775,0
9.4315,232.832,15585.9525,4.2473,375.7189,540.0248,19.606,56.6589,3.5395,0
6.7133,179.6064,23366.725,7.449,324.7729,431.7164,15.2446,75.2867,3.9502,1
,216.2255,10888.4636,5.3952,331.5742,418.8853,17.2421,77.8287,3.1833,0
5.1716,176.8201,34817.2078,6.9536,,529.0433,9.3694,80.497,4.0839,0
5.5111,220.8185,22280.1633,8.6844,,382.9573,16.2051,76.4676,3.962,0
,173.8521,8669.2352,3.651,375.1425,315.7316,14.3553,52.6909,4.7438,0
5.1946,163.0546,23955.6055,6.737,351.7789,501.606,17.3231,66.1824,4.0559,0
9.5442,229.3888,17680.2273,6.8919,260.4354,513.7894,11.4499,52.2778,3.3872,0
5.9813,157.1828,40560.6847,8.2794,,498.9906,14.8251,78.4842,4.3188,0
,149.9513,31398.3864,7.7793,,373.911,8.3012,69.7414,4.5758,0
7.5324,224.4906,15170.3992,9.7684,349.4872,419.663,12.2005,65.5239,3.4085,1
9.2124,201.7618,28127.1998,7.8278,299.3118,300.9672,18.6842,62.5616,4.1718,0
9.0262,122.3085,26137.9688,8.2358,354.0305,420.7524,14.9728,46.5765,3.0327,0
6.3629,237.3505,18925.2542,4.0387,314.3309,445.6377,10.9458,68.3393,2.2006,0
7.4555,158.0188,19121.4732,7.142,312.6124,392.3544,18.3329,111.9306,4.1609,1
,183.5174,19761.4033,6.6562,339.927,481.3452,16.2495,70.8949,5.1713,1
7.8589,194.7433,13563.5411,7.073,,479.7108,14.0695,50.2563,4.0318,1
7.4559,264.7276,24491.5242,8.7607,,423.6677,15.5992,74.9739,4.2421,0
5.6926,197.6906,17689.5229,5.2563,329.8655,511.6646,13.5842,60.1844,2.5396,0
5.2275,228.2419,21185.7909,3.1688,,420.5042,16.6297,64.6862,4.5479,0
7.3382,193.9177,18897.0027,9.9824,293.0289,452.6283,20.613,62.4901,4.2596,0
5.3402,215.3248,15753.9536,6.8908,358.6433,540.2302,8.1475,58.9659,5.6867,0
9.0839,152.1857,38727.036,6.5485,286.8798,582.0515,15.5627,82.2306,3.4388,0
7.1387,198.569,24554.2155,9.3636,375.5041,307.1606,5.9124,45.6996,4.3054,1
5.5717,178.4017,27834.5777,8.4097,296.0021,399.7682,14.3136,58.6256,2.7578,0
6.6072,165.1544,45357.1412,7.466,333.4599,333.0358,11.5888,79.423,4.3861,1
,208.2939,21680.4986,7.6467,300.2314,435.7885,16.4651,85.8337,3.5689,1
,232.7014,15921.2941,8.3078,,434.4725,15.2152,71.1509,3.7421,1
8.4704,214.1736,7224.8194,5.7527,363.4005,446.5381,17.7057,92.1723,4.1888,0
4.9567,188.1423,9698.057,7.3545,305.3543,314.5623,15.155,99.2675,3.5899,0
4.3347,222.672,27475.7989,10.3804,282.4972,445.1398,17.9875,28.1515,4.0219,0
7.5769,162.0521,10030.5159,8.0698,321.0056,357.1823,9.5474,40.5752,4.2991,1
6.8194,208.9848,4294.3303,7.6715,297.4338,334.1896,9.7181,62.2018,5.3504,0
7.3199,215.6471,22356.3129,10.3079,339.2077,419.1351,8.0601,41.2191,2.4679,0
7.7335,195.658,21336.923,7.5797,,401.8578,12.6348,79.9975,3.4212,1
6.8139,190.1939,36621.2414,9.7546,307.9954,468.848,11.7866,68.0489,3.0557,0
8.2555,202.5232,9458.9961,7.7307,360.8229,369.0454,19.0424,,3.8115,0
5.7673,179.9165,30887.4729,6.8937,336.5193,511.6902,18.261,68.5847,3.6285,0
7.1746,191.2708,1891.502,7.8442,287.872,377.9719,15.9644,76.2797,2.344,1
5.8588,222.7045,33102.5335,7.6905,317.1065,343.6475,14.6465,86.0758,4.9966,0
5.419,135.3363,24466.8897,5.0805,,324.9747,17.2209,41.128,3.2856,0
7.9847,239.5361,13821.9104,10.428,,406.4079,10.9356,88.6814,5.0044,0
7.9165,213.5196,32682.5549,8.0396,290.8314,573.5611,16.6959,55.3617,5.2186,0
4.2253,205.5413,23486.2371,10.6286,336.1806,428.2356,12.4169,52.1845,5.3094,0
5.4307,165.3934,27197.4794,6.0856,,342.4181,19.8856,76.7638,4.8785,0
7.5092,184.915,22383.7634,6.6476,265.0952,330.7367,14.7295,67.9444,3.5953,1
8.6532,178.8462,31948.845,5.2846,372.0566,415.9916,14.5883,45.6446,3.609,0
6.101,220.7159,27747.8176,6.9667,355.4917,316.0631,12.4381,61.6529,4.5518,1
6.8098,219.0912,13806.8708,8.2235,358.0866,640.5125,16.6438,51.3233,4.9045,0
5.0024,236.2337,14455.9076,10.4711,367.422,408.4241,17.9265,75.2889,3.7417,0
10.7709,200.2553,14767.1212,6.527,320.2464,363.0254,19.0707,101.7631,4.1992,0
7.7784,131.8322,28863.3413,6.722,384.4702,460.9904,13.3665,49.8718,4.051,1
8.3951,166.4942,27375.3461,8.7568,366.2141,341.1165,15.7405,92.3022,3.0494,0
8.0473,185.9987,24519.843,8.0275,301.1919,361.4879,13.1174,63.1323,2.994,1
8.4519,208.8402,20103.534,6.2047,313.3524,373.6913,15.7968,47.9589,3.511,1
,148.6702,17052.5534,6.5134,,375.036,15.0678,99.019,4.3236,1
6.5873,191.2684,25076.2839,6.19,248.4789,428.2855,12.7116,68.77,2.6513,1
8.1737,199.9162,29267.5991,9.1054,,408.6061,12.7281,70.7596,3.1824,1
,178.1684,28786.0064,6.3311,354.303,392.0644,19.001,54.8558,5.5513,0
8.986,191.4762,36209.7732,6.7006,296.7065,523.6257,17.2639,86.4903,3.6679,0
5.9987,272.2567,37059.4863,9.0429,356.1318,243.3043,13.6614,58.9418,5.5185,0
6.2843,196.949,18943.8136,6.3137,,501.7727,13.8987,66.2358,4.0291,1
8.0519,262.3815,44067.9352,8.8379,270.67,334.7576,16.7941,74.6629,4.8322,0
8.9611,205.3622,35172.4256,5.0021,,517.5533,13.063,89.3294,4.2263,0
,174.2343,24749.3187,6.2133,351.5949,443.7294,16.7193,77.8069,4.6792,1
,215.5462,25350.0327,9.3648,353.7319,298.6935,15.5923,71.3942,4.45,0
,183.9671,26921.0511,8.1528,300.4004,326.9225,12.6685,65.3121,4.2915,1
6.3476,195.1807,17673.6588,5.7897,272.0473,400.9494,6.6654,53.0508,3.7428,0
9.8684,123.7945,16342.8716,5.3821,346.6008,310.6599,18.7922,83.2503,3.0368,0
8.4011,208.641,22569.2628,4.6509,377.4163,366.5422,17.8507,89.5963,4.5721,0
8.9387,178.0516,18996.8297,7.73,469.6261,545.6315,8.0343,76.888,3.7065,0
7.5233,234.1398,320.0,6.8027,,380.5232,15.0234,,3.6233,1
6.264,200.6842,27612.8367,7.6678,313.1402,444.4073,11.469,65.2372,3.4712,1
,184.5938,5668.7329,7.0683,371.0676,399.4217,15.7111,68.8259,5.4351,0
9.5113,162.6488,25068.4447,11.5327,355.7803,429.6067,21.0458,46.1224,3.8974,0
7.9355,197.6105,19115.1325,9.1421,375.7742,434.758,23.2922,88.402,5.7135,0
7.0443,184.5999,16670.3198,4.806,,509.7728,16.634,102.4383,3.9823,1
8.669,171.4312,28746.8729,7.5938,280.859,557.8903,17.2811,46.8581,4.5397,0
6.5345,257.9344,15051.6007,5.2655,,490.9104,12.9071,46.4534,4.1511,0
8.2039,192.0162,13751.3257,7.5363,,253.915,16.9013,73.339,4.4071,0
6.034,225.9536,24690.7001,6.7383,310.2377,361.9774,16.7221,81.447,4.4286,1
5.6536,244.7418,24026.8109,7.5566,265.4328,540.4373,17.7967,49.14,3.0787,0
,209.9027,16055.7952,6.6526,337.0965,471.4906,14.1449,70.4179,3.6936,1
7.5768,217.1768,15487.201,3.915,320.9753,462.2385,12.4405,68.385,3.4984,1
9.8793,213.1806,15745.738,8.1287,393.8129,493.9635,17.5395,56.9816,4.9506,0
6.6682,227.9832,24958.9206,4.3082,320.3716,375.7827,17.3617,62.5951,3.9801,1
,215.3889,25860.9564,5.7305,387.8644,353.6659,14.0371,,3.6955,1
5.4043,212.9567,29167.7245,6.0144,,365.7629,13.4209,60.6836,4.5557,0
4.3322,201.0938,21138.918,7.437,317.5028,429.5065,7.1681,85.1272,3.5552,0
4.4622,180.7745,14248.5146,5.2663,271.3435,456.4612,9.2963,78.4138,3.4472,0
7.7608,182.4167,28291.764,6.9165,,512.3016,14.0407,35.6196,3.5214,1
5.3503,175.716,44903.852,7.2878,,473.0631,15.3239,79.9236,4.3465,0
,202.8355,36051.8669,10.1932,,404.5777,9.7971,46.6423,4.2918,0
9.1707,239.2678,13226.7212,6.1381,328.0223,496.8938,13.1995,37.053,3.7047,0
6.6605,165.7134,28705.3333,7.5819,,366.801,12.3913,83.8321,2.171,1
9.5179,176.5936,21024.777,8.2099,360.4362,459.8165,12.5729,62.0153,4.2447,0
7.414,164.425,21187.301,6.9022,227.7793,414.5903,18.1317,67.2607,3.8232,1
8.7337,194.6364,19796.9294,7.4861,305.3457,424.9062,17.9946,73.5826,3.4756,0
6.7482,229.8294,14987.0691,8.7057,339.4982,391.1113,8.0215,46.4586,5.2005,0
8.49,185.5476,8956.2802,6.1557,352.3023,444.9761,17.8111,97.295,3.1752,0
5.6933,206.3528,25928.3722,2.6727,329.536,340.8183,15.6702,49.3378,4.3485,0
7.9953,120.7385,13293.9856,6.7354,393.9929,388.5997,13.1084,,3.6281,1
6.405,191.5662,17380.8256,7.6529,373.3776,448.7998,16.8784,73.1299,4.0052,0
6.8881,212.1995,18763.7603,7.9891,370.8507,487.5458,14.9309,73.8533,4.6873,0
,176.3395,22930.3397,7.9671,386.8761,348.5831,18.431,66.2074,3.2875,1
,143.2214,18333.8785,9.0304,,511.8151,15.1477,64.1362,3.552,1
6.9707,211.3353,20826.5521,7.3013,373.0348,504.3124,12.1953,50.4211,4.4195,1
8.1498,192.7886,18423.7805,6.2593,,483.3857,11.3787,62.6734,3.7641,1
8.2607,255.3522,24325.6552,5.4209,,485.5844,18.1986,55.638,3.7526,0
,177.4981,25217.1518,5.1343,365.175,505.6866,7.4311,71.4975,4.0209,0
7.9016,191.272,34865.2087,8.6834,,412.8563,15.6908,51.1095,3.4619,1
8.0664,183.9374,27027.8668,6.2265,374.9485,297.4791,22.9261,76.9813,4.3174,1
5.975,199.648,17186.225,5.9019,359.4915,352.9219,16.7482,52.0562,4.5241,0
7.6471,137.0947,27045.2382,9.5172,317.772,505.925,15.9229,59.1488,3.2198,0
5.1334,240.5457,30134.1012,5.103,415.3327,401.9817,12.1448,81.9091,3.0456,0
9.1958,217.0822,17252.7714,8.5188,359.5777,540.2698,8.2588,64.2845,4.521,0
6.7306,188.9111,17399.998,5.5818,318.7234,504.3767,13.2217,82.7225,5.8213,0
6.9645,184.637,2645.1523,6.3334,290.3855,395.3752,18.6143,68.6393,4.1847,1
8.8402,213.238,35129.0835,6.3382,,531.446,3.3503,42.5353,2.7268,0
,208.0805,23448.6448,7.7505,,235.6333,10.3188,46.5358,4.0915,1
7.9604,182.7268,33914.7911,6.5846,373.4278,504.8684,12.5281,48.6695,2.8368,1
,190.9403,8940.6096,8.6099,376.0501,471.0921,13.3662,32.1814,3.546,0
,207.5575,1831.2349,6.1763,321.6671,411.8088,9.2809,65.8672,3.9217,1
5.0331,182.5434,24893.776,10.0872,,370.5558,17.1028,82.4951,3.9499,0
6.774,185.6672,14928.7133,6.5363,305.8955,359.3279,10.106,83.8949,3.2058,1
8.5956,182.5486,23689.2496,4.2776,406.1194,354.2506,14.6841,42.8696,5.2432,0
,184.6688,15482.6539,5.6093,,443.6504,8.9915,59.6193,3.1759,1
8.3799,154.2008,29328.5902,5.6335,,407.7809,15.0475,57.517,5.3775,0
5.5715,165.7378,19391.8557,7.584,401.0302,360.9244,12.5686,34.9658,4.9953,0
5.7817,208.3872,20827.1479,4.9619,375.2254,370.2136,8.1028,30.3794,2.9036,0
6.3957,222.0236,26443.1492,8.9673,315.3054,487.9552,13.1004,62.5746,4.7566,0
7.9217,194.7194,18394.2745,5.6904,,430.3841,17.1051,69.3716,4.1769,1
7.604,80.1195,18934.4598,6.3238,363.4213,388.1606,17.5833,59.0581,3.661,1
,148.2787,33074.9975,8.8203,,523.7425,17.5349,39.6532,3.2219,0
7.9953,209.7214,21473.2121,3.7595,246.2481,470.0154,11.1328,88.8384,3.8108,1
,251.2142,24215.3516,10.4744,335.3836,383.6527,18.3363,68.4873,4.5121,0
,235.6785,26625.0713,5.7376,292.8345,495.778,14.6477,65.875,3.7366,1
8.9981,189.7378,23235.7847,4.0664,,377.5226,15.719,51.0254,4.3749,0
6.2182,185.0102,26757.5291,9.5169,307.0704,419.9092,17.4137,50.0315,5.0472,0
7.3485,182.4912,38837.7141,6.7841,336.4555,487.9434,8.982,100.6453,4.7751,1
9.4496,252.8886,31744.5422,4.2855,346.1587,486.6863,16.7423,101.1159,3.1248,0
7.2298,204.1,10153.9769,8.1189,,382.6608,9.8481,,2.733,1
8.1186,166.6271,3232.862,9.7001,360.3266,544.4953,16.7053,52.5578,3.6123,0
6.1882,227.4042,14771.1655,9.7057,318.482,488.1411,13.4077,33.2222,5.146,0
9.9561,223.511,1846.732,8.0847,288.3855,484.5068,16.4335,62.1915,4.176,0
3.773,131.017,320.0,5.5463,419.9027,444.4416,12.7321,52.3836,4.0341,0
5.4125,176.1052,13237.9261,6.2734,423.9457,405.8742,12.0237,65.1104,3.0476,0
5.5308,229.3091,13950.8801,8.4517,284.8734,412.2958,16.4362,77.1409,2.9262,0
9.4611,226.1484,23823.7389,7.8428,292.6251,558.5641,13.2788,50.0731,4.8176,0
7.5981,156.2965,26225.0504,6.6651,281.7625,467.7264,19.6081,64.9128,4.4114,1
6.6944,196.6112,41110.9114,9.463,337.4527,388.3493,13.4847,62.1018,3.6534,1
5.1958,225.1674,16096.9079,5.0895,333.3068,417.9168,19.6388,62.6482,4.0844,0
7.6153,207.8593,17002.2097,9.749,299.8104,334.8546,9.7864,33.3858,2.9415,0
7.2476,162.6378,24183.2295,5.3737,340.4507,397.3535,17.3091,47.506,4.0267,1
6.0613,190.7728,31735.3385,6.3266,344.5747,252.3393,13.5909,59.1181,4.3607,0
,218.312,20003.163,6.9885,354.0168,288.6263,17.0891,53.1883,4.783,0
5.4589,212.7445,14439.1851,8.4127,332.3961,359.6662,12.1644,75.794,3.4424,0
7.3937,165.6037,320.0,9.076,,599.1775,15.3951,82.7841,1.9901,0
7.5372,272.8905,29531.9219,4.6267,336.6885,417.8176,15.9991,61.6617,4.2117,0
7.1875,204.1048,20209.8248,5.6439,,464.5847,11.5756,102.8153,3.7236,1
,148.2255,35717.7032,6.0048,322.3715,387.3472,15.2403,79.8468,3.5668,1
,186.265,38000.8141,6.9084,258.6361,588.7467,13.1413,80.31,3.6087,0
7.1517,108.1085,38696.0245,5.8345,343.9523,481.8632,10.4458,59.8153,3.1545,1
5.5622,174.7602,26219.2841,5.3627,352.5888,385.4116,17.1235,60.8165,5.813,0
7.1414,195.6819,29838.2401,9.5706,,395.3224,13.6376,71.9546,3.5246,1
7.7636,275.1593,10577.2427,8.2895,,428.1306,8.8003,44.8713,4.0206,1
,203.4256,25908.7806,7.1846,413.5553,345.9984,15.9972,67.437,3.0808,0
5.5761,209.0959,19073.476,8.6317,,408.3929,13.298,44.9588,3.9796,0
,221.8172,31212.8213,6.7761,384.0999,464.5571,14.5013,57.9578,4.4431,0
7.5971,204.0478,17492.7427,4.6483,,305.8903,14.6374,87.2649,2.0607,1
,177.8868,20203.0025,4.1244,,525.9298,15.6797,64.6815,2.7028,0
2.6695,241.2559,14973.2007,8.1313,327.8926,526.6431,11.6475,62.2458,2.3669,0
7.0078,214.1382,38004.3143,7.0324,,439.6675,11.9354,77.3352,4.5491,1
8.0048,247.3561,23165.371,6.9984,259.8472,481.3588,17.7575,41.3566,3.7571,1
8.7287,230.699,13482.9717,5.5166,,448.696,12.3389,72.5937,3.2623,0
6.0835,167.0817,18753.4199,7.3775,267.1043,385.1079,13.6157,64.3342,3.5689,1
6.1347,182.6339,10974.97,7.5315,,497.3639,7.8735,60.7309,5.188,0
,184.4005,32596.2954,9.3781,345.111,449.2393,15.9004,67.2405,3.7443,0
8.3117,185.0115,32817.2068,9.2275,393.3188,402.3823,14.3405,69.6748,3.0293,0
,212.0425,23490.5209,6.1393,,320.8457,15.3753,70.6227,3.668,0
6.9141,191.839,24698.4593,10.1325,308.5566,386.7954,18.4201,31.8328,6.0752,0
5.7192,171.9344,9559.6276,8.6634,358.9257,515.0659,16.2121,52.0961,4.4163,0
7.4748,245.0617,35699.0988,9.6423,367.0105,483.0054,15.2578,77.9376,5.8449,0
4.7946,241.6675,21714.5845,6.9032,,393.412,19.6367,44.3001,3.8575,0
,198.8987,39927.798,8.8328,320.3831,536.5823,17.6829,87.2459,2.9682,0
6.3499,163.5125,17122.5958,4.6133,358.1612,409.3893,16.8782,61.4437,3.382,1
6.7507,177.7169,26206.1122,9.1094,289.3974,423.8828,15.0575,45.5431,3.0289,1
7.8529,173.397,29723.5736,5.9839,336.7244,418.6988,15.3117,118.2596,4.8322,1
8.7614,168.959,29040.7698,7.863,309.0135,312.7821,18.5468,77.4053,3.1578,0
4.5854,166.3678,21143.6478,6.0932,368.9337,457.4278,11.423,81.288,4.0669,0
,205.497,31522.158,7.1948,299.5131,500.6936,11.7221,52.8869,3.5016,1
7.9005,207.4169,25533.9941,7.2993,390.3352,413.5774,12.6975,69.4088,4.4574,1
,211.7092,22330.0758,5.0735,402.2794,623.0387,11.1562,42.7459,3.7008,1
9.1439,167.7588,13119.5568,7.414,336.4368,326.6565,12.2637,66.5573,5.5749,0
,207.4404,33260.5397,8.7618,281.9962,446.5028,15.7716,67.4188,3.974,0
8.9814,262.0383,22416.0821,7.3456,353.8199,406.4645,18.2049,82.569,5.5213,0
6.2086,205.4539,26290.7764,9.0541,,475.9556,14.9361,67.978,3.1646,0
5.8059,185.252,21553.9294,10.9311,339.1634,439.5674,16.1478,81.3424,5.0431,0
8.8802,285.9042,25109.9975,7.4033,356.475,466.7624,16.6813,78.5467,3.3916,0
10.2615,208.0044,18916.4677,9.4363,356.1974,367.6694,21.2244,101.8328,4.217,0
8.0117,177.7558,44414.9977,7.504,348.017,460.2041,14.3004,80.2763,4.0675,0
8.39,226.3819,37886.2432,5.351,,487.1504,14.5903,58.5748,4.0968,0
6.3834,175.0082,28003.7085,8.4917,335.8806,416.4282,14.6652,76.4593,4.5549,1
,186.2896,24591.122,5.2362,,292.2493,14.475,44.7631,3.8023,0
6.7478,230.4434,27960.1454,7.2731,349.4901,294.2415,8.1175,62.3565,6.1756,0
,178.3737,14719.4573,10.9068,221.7375,339.9318,16.4664,76.0417,4.2389,0
4.3451,150.2009,27323.6534,6.0632,,424.8998,19.7096,75.7475,3.3948,0
6.3519,220.7605,21302.2204,5.3693,307.6352,310.2118,10.2784,65.2754,4.5855,1
,224.9779,18458.2086,6.5938,264.7649,415.0243,15.3259,49.9717,3.254,0
,153.6227,16180.8663,7.9089,343.9621,426.1478,21.0888,68.0148,4.3677,0
8.3651,186.7965,16242.3626,8.5815,360.9263,335.5047,17.9216,32.8508,2.7528,0
5.2532,233.0861,26265.939,6.2464,363.7984,478.391,18.098,83.0963,4.0479,0
6.4782,206.1791,22287.4461,6.1705,323.4754,333.2481,11.0233,77.2387,4.2544,1
9.0288,225.0422,15233.58,8.1748,308.3533,447.3134,15.169,44.6344,4.0524,0
,194.356,25692.0156,7.0716,381.6084,572.0151,14.3163,68.1422,4.0387,1
5.2583,177.8721,23312.9553,8.858,305.636,304.6774,13.0446,66.923,4.2079,0
5.1451,180.2518,21247.1478,5.8677,402.8819,412.8504,11.0041,59.7225,5.3059,0
4.1185,188.3791,34689.317,9.4877,366.4362,526.3181,11.3216,81.5273,3.5598,0
,204.0973,19827.069,7.6417,,425.2041,9.8869,66.1553,4.6873,1
5.9832,111.6028,10533.8022,7.1088,392.6273,352.5757,11.318,34.6109,4.8299,0
8.6245,136.7694,23384.4864,4.5702,385.4988,410.017,13.4387,29.1364,4.1117,0
8.3545,198.7215,13506.3653,6.6683,,304.1768,13.1696,92.1997,4.5646,1
6.1098,220.1108,29284.2401,7.02,338.6769,394.0852,12.6967,66.551,4.2133,1
6.3039,177.317,27018.6029,9.0387,,432.6628,14.4416,47.3694,3.5106,0
8.2246,198.8324,19393.539,7.4683,325.8394,373.4943,17.1789,43.5912,2.6389,1
7.2997,163.9651,26419.308,5.5518,409.2033,405.4949,9.21,96.3088,3.6187,1
7.4737,154.2254,18615.1088,4.9378,387.2855,274.6946,15.4028,78.4717,4.3821,1
4.6588,203.7799,18105.0321,8.6324,427.5965,524.303,11.0606,35.7815,4.3043,0
,196.4813,6727.8012,5.2901,,379.9054,19.2961,54.7186,3.8002,0
5.7933,182.2893,4046.2337,10.0205,336.0995,432.5806,14.1127,58.4182,2.3924,0
3.7438,156.7968,18504.8399,7.6052,304.6025,407.9457,15.073,74.9671,4.6261,0
6.1731,200.9692,37204.3609,6.3467,,409.0584,16.3922,,4.4563,0
7.7003,196.6502,11740.9273,5.8372,364.6248,450.3925,18.8746,73.3022,2.5252,0
,190.4568,21354.0202,9.4451,328.9095,459.2402,10.159,62.4417,4.6346,0
,194.7375,16338.4417,6.9387,318.9567,399.8967,14.6533,43.5102,4.1825,1
,186.7603,26471.0053,7.4599,370.2642,355.6602,11.59,68.789,5.266,0
10.2015,215.2991,14926.2723,3.9044,341.7085,518.97,20.3123,67.7611,4.3478,0
7.3155,211.2094,21087.8833,7.4158,418.6569,292.0957,10.8318,56.3614,3.1839,1
,255.6282,25461.1429,5.5135,315.6932,484.2699,16.6646,42.2501,4.8822,1
5.4983,243.5112,17653.7674,3.4669,363.8003,333.6712,12.9371,57.4866,2.4944,0
5.6042,196.8485,20710.8946,6.7833,351.2303,389.0941,19.2142,35.5105,4.6154,0
9.2536,158.8235,20176.2704,6.9546,,461.8955,13.2486,46.1799,3.9818,0
,218.3823,26487.4033,5.1446,328.7289,430.3074,12.0539,63.1306,3.0943,1
6.2894,178.8087,27381.1754,11.7544,,398.3874,17.7854,49.5155,5.1744,0
6.3304,246.818,28428.4305,5.2601,,474.1643,11.9786,65.2646,3.7134,1
9.3848,150.357,25697.0633,5.7021,327.1713,440.3597,12.0516,48.0704,4.6003,0
,184.1614,13482.5388,7.6062,395.5826,377.5488,21.5284,88.7368,3.4663,0
8.0034,247.161,18466.1455,7.6726,,392.0129,21.4062,77.813,3.9901,0
7.4712,198.0147,26386.2828,7.6065,,328.9238,12.58,67.7068,3.0384,1
7.4317,221.0571,22396.831,6.719,,423.6703,13.7276,61.9808,4.4705,1
5.7904,218.9304,29395.2214,9.6587,,588.3811,22.2289,45.1382,3.5535,0
8.0481,182.1272,11178.2747,5.8289,287.4831,456.6482,15.8638,60.2072,3.8503,1
9.4447,224.6454,14400.4446,4.1318,,472.8406,13.6215,68.5538,4.452,0
,169.8811,14801.005,5.4439,,393.3951,13.7784,31.595,4.0392,1
5.728,187.3046,24497.297,6.9013,367.9973,292.2281,14.5821,79.7253,3.0467,1
5.1817,265.5028,16549.4836,7.2772,408.2317,390.1954,14.1356,65.177,4.183,0
7.3604,191.7821,14348.6831,10.4057,,448.0795,12.5615,51.4391,4.2071,0
6.6802,209.4327,24866.9759,7.0064,292.3336,355.0395,12.3254,71.3699,3.7601,1
6.9266,163.3258,18447.2308,6.3966,341.8896,331.5883,15.454,82.7169,5.4229,1
7.0974,240.4508,12744.0313,6.259,407.6189,421.0047,14.3074,60.9909,3.4612,1
4.9108,168.1568,25482.4079,5.8001,327.7211,475.8641,13.6717,72.9317,3.9025,0
8.2288,173.7933,21022.3151,8.3272,301.559,361.9278,17.1732,74.4613,4.8461,0
7.4244,178.2281,26083.7836,5.1934,,567.1573,18.3551,,4.3252,1
6.9703,167.2242,26742.6873,9.3989,280.4918,379.7983,14.6926,57.1501,5.1005,0
7.4208,151.9491,16841.8325,5.6004,,409.4275,8.8911,77.916,4.5404,1
8.4414,188.014,19432.3535,6.0569,,326.0903,16.5869,85.4341,4.3538,0
7.1585,181.8016,20823.3764,7.2244,286.6361,493.3016,20.9251,64.3284,3.8284,1
,194.0402,27637.5708,4.4652,331.0722,276.8552,9.3458,53.8741,4.0669,0
8.7944,165.7809,21582.51,7.3583,326.048,407.6976,16.4253,84.1807,3.7112,0
6.443,168.3201,30731.8799,7.1129,286.6963,443.8282,12.2699,56.9007,4.5173,1
6.0136,186.9142,17236.3972,9.3399,358.3188,471.9956,19.8325,59.9084,3.8063,0
,197.0367,21891.6722,8.3353,420.0634,470.916,8.0839,69.1159,2.8567,0
7.0916,167.4057,32863.3236,3.1797,358.8765,339.6163,11.9474,79.2575,4.1372,0
5.54,195.8599,10088.6589,7.7445,,469.0277,13.9393,63.4669,2.6666,0
6.3169,189.4908,11235.208,5.5015,317.0368,393.5171,13.3261,41.124,3.0231,1
7.7405,230.6704,27734.2696,5.5451,360.5367,254.4402,16.0661,56.5682,3.9182,1
7.1289,217.2018,28245.5903,5.7628,322.1566,588.1328,19.3298,77.534,3.634,1
8.5739,212.938,30164.7327,10.4205,313.2984,455.2487,11.665,77.7864,5.0317,0
7.5286,229.1214,29015.3366,6.4313,,475.4475,11.221,79.599,3.9499,1
,176.6672,30616.2307,7.1533,338.2757,504.9312,21.3022,60.0521,5.0643,0
6.5953,240.1253,17712.6621,8.614,,418.6113,16.4044,61.8413,4.2604,0
6.3342,202.7747,22074.8403,10.1264,,375.1662,9.516,79.0292,3.7878,0
8.0302,181.177,26612.3778,6.5064,,464.2811,5.0807,55.4087,4.9762,1
7.1116,209.7628,11733.421,7.3723,368.8577,503.5983,15.6278,87.9837,4.4603,1
6.4759,162.644,11213.6393,7.5639,395.1415,530.5985,13.4712,43.9906,3.907,1
8.322,253.5705,16941.5435,7.2755,348.437,326.9545,18.6676,91.943,4.317,0
7.2215,204.9925,30205.8824,6.7914,352.2185,504.5138,14.2692,47.0233,3.393,1
6.3957,149.1822,28273.0675,5.28,,293.3236,18.8862,67.5705,4.5065,0
4.8568,160.9404,11031.2382,6.2882,320.7057,472.1128,20.0987,60.3081,4.4893,0
7.7231,180.6404,17133.8119,5.8225,370.8549,377.9147,10.7823,45.7354,4.635,1
7.4309,179.0295,17231.165,5.5014,260.3229,482.5307,12.1525,83.2601,4.2026,1
7.1555,211.254,22482.2649,6.2413,360.2617,493.491,13.9095,73.0312,3.2732,1
6.4419,224.9873,23519.2017,7.0192,313.4172,468.1602,14.4246,74.2657,4.0816,1
,229.3546,21883.7795,6.0252,345.0919,499.2123,13.6443,91.9065,4.0896,0
6.7468,214.135,14106.2246,6.4734,392.1041,490.1946,18.5598,86.6596,4.3092,0
7.4202,167.0141,31027.8562,8.5918,385.3623,441.655,16.2328,77.9739,3.453,1
6.8921,232.5184,30553.106,8.3285,413.7929,541.291,17.9085,74.2657,4.7973,0
6.8673,235.9853,13082.656,5.5363,220.6769,424.1192,11.0858,79.1302,3.9636,1
6.3918,134.9065,20415.0879,4.1696,373.167,380.1423,6.4778,71.7648,5.387,0
,178.6343,30776.2395,11.2532,327.0755,445.951,12.5773,57.8022,2.9196,0
7.4234,185.4572,24784.0667,6.8025,388.994,368.2281,11.9497,78.4136,3.925,1
5.974,171.9067,25779.8036,9.9955,309.1945,428.1656,14.4028,41.4748,3.9119,0
8.1976,229.8792,18160.544,7.0373,357.6844,428.0339,13.2403,,4.5061,0
8.2433,211.3597,33780.7886,10.0128,307.8991,566.608,11.9852,67.1207,3.8007,0
8.276,198.5991,12795.6507,7.8352,319.398,579.4804,16.1185,64.5099,3.9867,0
6.888,157.7414,29557.953,7.006,277.6531,318.9187,13.9225,76.4772,3.8237,1
6.7946,131.0513,36657.3717,6.2094,,358.5037,12.8341,55.6489,4.3303,1
5.376,166.8444,15602.495,6.8563,312.8657,496.1027,15.2499,67.4662,4.5347,0
8.1894,170.0537,33092.3735,5.6428,315.5681,455.5376,11.7176,60.4693,2.4545,1
3.9404,167.7496,28879.0136,7.6091,,575.7124,22.1327,96.5236,3.7904,0
6.5053,128.8437,16573.9097,7.0523,,508.1153,18.1932,55.0071,3.1073,1
,147.5185,23253.5939,7.9891,382.4226,419.5393,10.0674,76.9832,4.5198,1
8.3386,182.5927,33777.7343,8.0141,324.7755,650.4396,8.3527,65.6821,2.463,0
7.0791,206.9681,18235.5878,5.3513,325.2017,311.5436,14.706,,3.6865,1
5.6622,179.3179,18226.0284,7.6282,343.9722,471.7773,13.1978,65.1561,4.7257,0
4.9827,188.729,320.0,7.1873,318.0957,531.143,12.3,55.6045,3.9973,0
,193.7898,8060.8044,8.8645,,489.6357,10.7498,51.4804,4.3985,0
,193.9276,18731.1047,9.7997,298.2405,373.8993,10.797,44.2051,4.892,0
7.1609,234.4536,20821.062,6.4761,321.8305,332.3742,21.1094,30.0304,3.0378,1
6.7895,170.5764,26875.5702,3.6891,,499.183,16.4172,76.9884,4.8918,1
6.074,202.598,29241.0247,7.0488,381.9561,409.6001,14.5629,34.9038,2.9325,1
6.7711,153.8329,38343.0963,7.0277,364.7414,421.8404,11.3985,45.3834,3.521,1
8.5467,233.7004,27828.8296,5.5007,358.916,460.5331,10.9702,61.9819,3.8572,0
5.4624,219.4055,46404.2274,7.7809,,419.9252,11.1993,44.3146,3.3312,0
7.1295,227.7455,28363.1591,6.7302,342.34,556.225,13.5813,63.1636,3.7694,1
9.4593,199.6512,33321.6829,8.1821,,541.835,10.0156,58.878,2.7204,0
7.8949,192.1902,15319.1219,5.0691,395.3492,309.0158,13.468,30.4871,3.4051,1
6.4098,155.2021,25852.2441,7.5507,298.4933,474.8537,15.6771,77.3177,4.1037,0
8.0516,206.1453,30124.8308,6.7787,242.1498,421.7971,11.1156,65.0007,2.8563,1
,239.6514,30062.8044,6.7541,,312.4442,8.5196,62.9513,3.8134,0
7.0904,107.598,18357.263,8.6797,344.5876,446.548,18.8737,31.7308,4.0697,1
9.3644,252.1828,21737.8497,6.1174,352.9106,437.8817,11.7155,65.1249,4.0793,0
,169.9364,11577.3764,6.4506,294.5495,364.6477,14.1845,62.1289,5.5341,0
,211.4926,24928.8481,8.3355,353.1353,458.0385,18.6982,81.001,3.2367,0
8.1091,170.0983,13307.9422,4.6311,,542.3072,15.9297,76.5886,3.8534,1
9.9445,191.3058,30215.8333,8.216,,366.992,14.0985,92.1806,2.1422,0
,222.3843,24215.6294,5.9284,436.1985,337.094,13.3538,,4.0927,1
7.4607,190.338,28055.0527,3.3675,348.0083,374.8511,10.1067,86.9369,2.5094,0
9.2956,254.1102,27069.4902,9.3842,347.3091,462.0981,13.1766,86.4323,2.8275,0
6.356,197.5345,25867.9053,9.7481,339.6496,554.6205,15.4935,55.0374,4.2248,0
7.7445,217.0692,28938.1743,7.2363,346.8734,371.819,17.5554,62.5546,3.9549,1
6.993,176.5522,22719.8294,5.4307,241.782,355.8616,11.1704,58.9859,3.0168,1
4.2497,180.2129,8562.0306,4.1909,319.7324,359.8213,15.8682,,3.7121,0
7.5888,183.5412,32768.6859,7.5739,319.7526,376.6759,18.8405,68.4241,4.7075,0
6.8093,212.4099,15949.2603,9.5346,408.9915,572.5539,15.9061,75.4601,2.4343,1
8.4444,249.6616,29797.5564,4.6117,372.4652,498.9097,17.6396,64.0018,4.1236,0
10.1573,197.4065,26671.3298,6.9744,309.2611,227.4946,11.365,40.6901,4.6143,0
8.0853,155.1368,25306.5347,9.594,,381.7358,11.839,75.4169,3.6213,1
6.5399,176.7036,23462.1993,8.3452,306.655,429.5969,18.8564,59.1743,3.2607,0
7.7417,152.3993,24448.3784,6.7489,282.4447,359.0567,18.6769,71.5225,4.2308,1
7.3766,211.9049,23804.5126,10.3869,,388.5014,14.796,78.7442,3.1887,1
,197.2175,22289.8036,4.9515,374.1274,389.5101,11.4074,41.2684,4.6612,0
4.965,161.9442,21080.425,7.8924,,449.187,16.7362,,4.3107,0
5.3655,184.8317,24595.2397,8.7522,252.9951,549.989,11.566,64.8978,3.4201,0
4.0736,226.4539,27162.3076,4.8334,,181.7239,14.3642,62.8068,4.2166,0
7.9724,211.1077,18504.5304,6.2359,371.5308,447.1842,21.2305,72.8302,3.0977,1
7.0521,178.0625,24112.875,6.3608,323.5828,554.1596,17.2377,47.6641,4.2057,1
6.139,220.5245,10872.9385,11.5583,284.6168,454.5176,16.0121,79.2319,4.5332,0
6.0139,208.9663,15243.8716,6.9394,325.9765,419.1165,13.2836,73.0357,3.3966,1
6.2389,178.7842,7624.896,6.868,429.6169,472.1936,7.3739,41.0902,4.1625,0
5.7161,202.3156,19833.3649,6.1395,,510.2955,16.7462,,4.6665,0
6.6075,256.4751,25218.1594,11.2495,362.6801,510.5199,13.9504,62.6075,3.5064,0
6.3535,161.0698,27882.699,10.3304,303.9649,471.6554,16.659,74.736,4.3024,0
9.1233,229.098,10784.5445,5.6337,,317.3866,9.132,81.6264,3.2088,0
7.5553,191.9095,28862.3945,5.8336,293.383,463.5562,13.9154,62.3392,3.2039,1
,216.6859,13469.5075,8.037,356.1935,507.1694,16.5151,48.4122,2.3002,0
6.2217,209.2238,18631.4336,7.4048,,352.6257,18.1013,65.1937,4.6203,0
8.8424,205.4151,17849.2227,7.6847,268.386,245.5139,12.4293,50.489,3.9487,1
7.7451,191.4322,35151.9772,5.8876,416.5711,456.6383,8.6943,58.7732,3.5701,1
,196.5009,23485.485,4.1203,318.9666,515.2119,13.9149,70.8825,3.5,1
8.1394,218.1101,39500.5483,7.3301,372.2831,321.8489,14.5045,,4.0618,1
9.4116,211.1214,30270.3423,5.5299,312.6734,495.0296,16.8124,,3.4071,0
,149.5626,19936.742,11.3397,373.5152,349.2348,14.9148,75.4121,4.602,0
5.9839,211.0352,25418.7791,7.4063,289.8573,409.061,17.3468,76.1601,4.4353,0
4.5213,238.4372,33381.9288,7.5494,287.1934,488.1667,14.0745,88.7919,3.7153,0
7.8075,225.1418,14867.7603,7.7988,384.6382,326.5645,10.7393,92.1811,5.3256,1
,203.1722,18065.4276,6.0964,360.7313,467.0678,16.1826,71.5017,4.7612,1
,137.8753,21793.5956,7.4501,243.6492,381.4727,13.6676,66.0281,5.0566,1
5.9595,215.4045,19431.5571,5.3142,,542.0987,14.5843,78.038,4.621,0
8.0963,217.6743,19933.799,7.13,,391.0008,17.0382,82.5541,3.4796,1
6.8711,243.3687,36272.8461,7.8995,,437.925,16.2727,40.9109,4.7882,0
6.3001,165.7793,23371.4195,7.1755,342.4095,454.2114,13.9196,79.375,3.4315,1
8.9254,188.8917,19475.2102,2.5664,,381.6251,16.5224,68.2323,4.058,0
5.5423,179.3862,18866.6044,8.0585,280.8055,417.7387,18.5596,75.3216,4.4894,0
5.2214,187.7352,10883.6938,5.8493,390.2481,398.0836,14.765,101.7268,3.7171,0
,141.001,28815.3888,8.6962,374.2594,520.8231,9.6936,106.0756,4.0598,0
6.5394,181.2318,16897.3417,7.2634,255.6966,375.6086,15.6406,44.8985,3.3996,1
6.2811,182.4772,51740.6727,7.0933,347.7862,389.0515,14.6236,79.2217,4.2558,0
6.0107,184.1988,25932.0015,7.9053,,371.8677,15.4465,82.9841,2.8267,0
6.8788,247.4092,17280.0699,6.067,331.968,398.9993,5.1087,51.6778,4.3496,1
8.2306,176.0073,12004.7447,7.2086,297.9985,470.0829,7.9685,71.0021,4.4727,0
8.1876,181.8674,18192.6957,6.5422,344.1798,407.0985,10.2304,86.0756,3.5234,1
7.8798,232.1513,25436.3667,8.0349,270.4636,399.2342,12.75,70.8112,3.0048,1
6.6705,178.0484,17201.9555,8.6064,353.5994,378.1603,11.5988,82.0971,4.7163,1
4.8896,234.6779,27349.9755,5.7946,280.607,405.2322,11.3894,45.8739,2.5482,0
,210.53,27842.8529,6.4197,,486.3448,11.5871,72.2574,3.7689,1
9.3126,175.8877,26763.0986,5.826,297.3245,395.2499,12.3499,54.6967,3.7118,0
8.6518,173.3265,26363.0951,10.0802,290.9106,508.5544,11.2783,91.9305,5.3899,0
6.8327,200.4752,22205.7479,5.8703,381.9017,605.6013,10.6837,40.4713,3.6225,1
,189.7068,16616.7837,7.0136,336.0038,418.2022,13.6133,57.4556,3.7429,1
6.5133,199.0961,11797.2334,6.7584,386.7491,549.3536,15.0994,51.023,3.2783,1
6.9989,177.4807,8653.5457,5.635,327.7371,310.0501,13.1693,43.8745,2.816,1
,214.9215,18331.0758,8.0298,,398.6838,10.982,94.0295,3.6415,0
6.6163,174.3692,27655.9804,6.6855,391.6997,485.382,13.0177,81.6128,3.985,1
7.2866,180.8473,21993.462,8.839,326.5863,466.2913,19.8107,66.0333,3.9957,1
6.8315,190.0902,13425.7337,5.6437,313.8766,358.1923,14.2108,57.7412,4.2848,1
8.2118,155.4843,29616.4169,7.6952,294.6068,486.1084,11.6986,60.2562,2.7968,1
9.849,185.6863,13952.6402,10.7418,309.9829,643.2815,14.8632,53.9079,4.3545,0
9.0228,189.2363,12334.9056,8.5949,369.7552,487.6043,10.6121,76.7966,4.889,0
6.6317,149.3952,13857.2947,7.1258,348.8,338.1897,11.7843,74.9512,3.313,1
6.0052,138.2619,16495.3334,8.6261,329.7418,361.8051,17.971,,3.2852,0
,235.6965,21315.0658,5.1886,345.9209,369.3898,18.8496,71.8319,5.0602,0
5.6426,187.1683,11690.5123,7.9453,366.4236,445.6654,13.642,70.0807,3.9618,0
7.13,191.2298,8581.193,7.7533,366.1507,560.6984,12.0572,41.5339,4.6275,1
7.699,175.3926,25574.8004,7.9964,293.4917,501.7597,18.601,84.0573,4.4842,1
7.3491,246.5288,24124.7771,8.025,295.3851,598.4592,14.6294,75.4761,4.3173,0
7.3647,189.101,25895.5381,8.3237,405.1372,449.5653,17.6369,79.7505,4.2927,0
7.3126,138.3197,28214.4562,6.1739,333.2277,469.5279,9.6568,97.6668,5.1118,1
6.8859,211.4669,22391.7763,6.308,362.9534,561.7298,11.7917,59.0246,3.5317,1
5.9887,164.3998,36714.5103,5.4818,310.9553,436.067,11.2227,26.7259,4.331,0
9.6152,209.7479,20255.0826,7.9495,281.7038,555.8288,7.7349,64.8792,5.4672,0
8.6199,191.4926,21479.5242,4.2356,299.5035,533.1214,4.7292,85.3755,3.3155,0
5.7449,236.737,32779.1601,6.9614,,354.0115,16.4213,73.931,3.1589,0
5.7493,211.1363,25235.6883,5.8012,,404.9872,13.4328,75.8252,3.4252,1
6.2182,183.6787,20650.1174,7.4538,376.4963,413.4549,13.239,59.2392,3.7854,1
7.1286,241.787,21858.5464,10.7397,354.1727,404.6487,14.149,74.5231,3.9019,0
8.9308,283.7927,12223.3162,6.2688,,448.721,13.7417,64.2676,4.8157,0
,178.8235,27477.6505,8.8843,297.9762,372.1597,15.1367,99.4735,4.3986,0
8.6496,231.1362,20152.7308,9.381,341.8711,542.4285,11.1982,70.6635,4.6518,0
8.6791,208.2239,25621.11,5.3126,397.7983,482.0002,19.7581,34.145,3.0816,0
8.7064,210.6706,32963.1435,6.864,364.5282,496.2222,14.5369,44.1177,4.853,0
,156.2097,28389.2407,7.5344,240.424,498.9117,12.0036,58.2714,4.3978,0
7.7481,164.7152,24157.3731,5.7804,355.3557,338.0127,9.7387,68.4715,2.777,1
6.905,241.9858,25192.3228,6.4318,322.6826,498.2263,15.0578,,3.694,1
4.5167,201.1572,23076.4395,6.7734,,374.6246,17.6606,83.8604,4.7437,0
6.89,179.1051,35961.4246,7.3911,368.9916,574.8215,11.9189,55.1131,3.3243,1
9.7289,254.4804,6287.3222,6.2783,,308.5999,13.39,69.165,4.3748,0
6.2862,235.8472,18237.6813,8.9614,376.8537,524.4013,10.0345,72.9269,4.1524,1
6.1602,220.1387,15245.6978,8.0293,324.892,357.0767,9.3143,35.9046,4.7179,1
8.5756,164.8152,25474.4897,7.0119,,430.4071,21.8252,109.2163,3.106,0
7.1985,196.0724,20464.443,7.6172,356.0738,490.2069,13.167,54.589,3.2547,1
6.3743,244.0328,22823.9448,4.3907,,339.5332,14.5028,83.0774,2.8378,0
9.3698,130.7319,37943.884,4.7305,295.406,389.4823,19.2169,76.9085,4.4882,0
7.9975,145.065,24307.1024,4.9787,301.3712,479.397,15.2109,33.2934,4.1255,1
,170.5801,29108.7409,7.4466,,316.7337,18.0434,91.9191,4.2263,0
,227.9712,18707.494,9.5101,,262.3335,8.4072,90.0177,3.3176,0
7.8107,203.9278,16409.7654,6.3524,312.5329,456.1496,19.8015,,4.3899,1
7.6334,211.7427,13669.4819,5.2934,,500.494,14.6609,100.8834,5.3162,0
8.2223,202.8393,33865.0358,5.6245,326.9034,549.1084,19.0067,75.7592,3.0512,0
8.7693,199.8786,12933.2383,7.4502,355.3068,465.1088,13.1342,80.5235,4.4071,0
8.7353,235.6214,18165.7572,5.0493,346.1758,453.1412,13.8931,87.7046,3.8459,0
7.3306,313.4648,41094.0821,5.7037,331.8318,515.9329,16.4707,36.6369,3.6821,1
8.0936,211.7961,25246.2064,8.1793,284.4824,435.5241,15.1891,85.1314,3.1248,0
5.3967,239.1447,22418.1398,9.0793,,476.364,14.6954,71.3998,4.7156,0
,182.3988,20207.5892,7.2952,,213.3705,17.7724,72.1805,4.4452,1
8.0859,248.6146,12595.9594,7.075,299.4284,428.4582,15.0572,41.7452,4.6314,1
6.5084,199.8062,25214.3232,6.6101,288.0637,358.0533,14.9196,,3.7338,1
5.9426,202.5956,30545.9366,8.0242,,347.2196,15.8849,74.7406,3.3808,0
6.9936,181.8001,14724.7545,2.4726,313.3209,433.5615,12.9817,55.8373,3.5723,0
5.2962,171.9817,18081.8791,7.4375,,409.5813,13.8431,67.2651,3.6525,0
,179.0843,35774.7377,7.435,,565.0891,19.047,89.605,4.3997,1
7.5132,165.118,19047.9708,6.5764,277.5231,561.8192,12.9431,80.5126,3.3481,1
5.6856,154.7639,28290.8584,6.5405,,499.0697,13.7931,57.4042,2.8016,0
,256.8039,40972.5711,7.7578,,587.4507,12.3294,61.4047,4.0699,1
8.6495,211.3061,15001.7642,6.345,,435.6274,11.3675,107.5637,5.0786,0
8.642,228.9932,21441.9472,8.1161,344.6352,279.5908,11.2146,43.1974,4.5174,0
8.5655,213.3211,14617.3635,5.85,357.4866,327.5054,18.2235,68.8485,3.0294,0
6.859,150.4812,3603.4759,7.7462,283.5911,468.174,18.6056,80.9514,3.2076,1
6.5829,197.924,32963.0934,8.5472,367.7958,436.307,10.362,88.2396,4.3819,0
,167.8566,27099.5909,5.4791,265.3205,432.4717,16.4989,50.537,4.1652,1
7.9512,170.6562,19757.2803,8.7016,307.1325,419.6258,16.6764,87.3096,4.8464,0
10.5372,193.1485,25860.9057,7.7374,304.818,269.0408,17.8358,73.1923,3.9232,0
9.1454,202.258,17223.7147,7.5498,308.7617,461.152,14.9623,67.3382,3.3676,0
9.4111,199.8746,10173.1473,9.1876,256.5339,462.1373,18.2245,99.8903,4.421,0
9.0644,200.9755,16827.5506,7.8101,,480.2183,18.6153,95.9086,3.1485,0
,187.4266,15832.8491,5.7163,,399.411,7.6318,80.7092,2.8792,0
6.7849,197.8556,13805.0582,8.129,365.7324,389.827,22.0583,76.9747,4.6276,0
6.444,237.6649,30895.9992,8.9325,346.6279,473.1412,16.397,50.3263,4.2137,0
8.9169,268.3014,14990.8378,6.5666,340.8425,263.9057,17.5239,53.6781,4.0454,0
9.5619,233.425,12961.3237,6.7224,320.6287,401.6897,20.0549,56.0287,3.2303,0
,189.5893,23533.1503,6.7034,309.3762,399.0576,16.976,91.1639,4.3814,1
7.1368,209.6677,25854.1491,6.3686,297.5988,536.3912,11.6465,40.4594,4.1485,1
7.899,228.2306,35794.6692,5.8476,388.2436,542.892,17.7553,69.6518,5.2539,0
6.362,229.7174,24279.7252,8.3117,312.3085,558.5712,18.4544,39.2236,3.4204,0
6.1561,236.8378,10607.2506,8.8466,296.9887,419.3435,14.1087,53.8894,3.3058,0
6.0842,237.4342,14558.028,5.0508,,381.6362,14.2698,37.8422,3.6659,1
8.3808,210.0813,29885.5966,6.8973,415.876,444.438,4.3454,51.4969,3.6909,1
5.7436,187.6817,16518.1948,6.6383,,488.882,15.3229,88.9007,3.8154,0
8.7489,146.4741,25938.4976,8.2786,326.0515,408.6166,15.5969,74.1151,2.7353,0
7.2077,231.8235,37506.6719,8.8179,324.5341,203.3191,10.7888,79.2892,3.4206,1
8.185,216.9157,9782.6902,7.78,285.92,455.8608,11.9278,65.0408,4.9389,1
,168.7362,9469.4897,8.9875,280.8037,395.434,14.0806,59.8276,3.6996,0
,197.2171,20274.1839,8.599,,291.2959,10.7795,69.9882,4.9564,0
5.8795,183.6565,21717.6368,8.1828,324.8154,358.7618,16.651,80.9532,4.7484,0
7.7073,182.2976,29329.6197,7.956,359.4779,407.6489,10.1809,46.0457,4.1205,1
5.5635,253.7751,8556.8382,8.8517,269.6686,384.4533,15.6506,79.143,4.2087,0
,184.9065,26971.1061,6.3141,,405.2288,10.942,67.0378,3.7208,1
6.9132,276.1354,19897.3903,5.394,294.2072,430.0802,16.0353,89.6787,4.1935,1
7.3106,192.211,7836.9895,8.5091,322.6639,342.9979,11.3433,70.1261,5.2111,1
5.2522,173.0954,19865.6977,8.6321,339.6748,473.3274,15.2218,66.2588,4.5924,0
,200.878,25961.2064,9.7447,312.4797,393.8096,14.9603,65.2832,5.0525,0
7.9361,275.5614,36876.3585,7.0296,246.0473,306.0507,9.2274,49.496,3.4607,1
9.0542,191.5182,16666.3366,5.3488,294.7854,340.9634,15.2455,74.8548,3.5044,0
4.1997,213.3081,27820.2604,7.774,394.8549,354.208,14.9181,49.2731,4.9936,0
8.9966,122.352,10858.4362,9.4373,297.6507,492.0833,13.9797,75.0577,4.9102,0
8.3735,215.7641,30820.446,6.2309,,436.9676,12.6485,78.3461,3.57,1
5.4884,151.482,22707.3328,6.9376,308.1386,393.4057,17.2863,67.9775,3.5209,0
4.9238,192.6056,35078.7205,6.29,343.4256,427.994,13.4848,85.7672,4.3079,0
7.6921,241.0907,10706.0683,4.7705,362.4188,386.6066,15.4656,64.4767,3.7822,1
6.465,188.1764,12402.3458,9.059,,395.5344,13.4317,64.0511,4.1604,1
,219.941,7724.1696,6.4836,317.8345,470.9022,12.5183,40.5475,4.7063,1
,189.0347,36794.6282,9.6989,386.1873,441.4535,11.7023,60.1922,4.0681,0
,185.3895,18050.4087,6.5087,294.4988,423.7273,15.0145,69.6665,3.8294,1
7.3179,205.4977,6698.7831,4.4047,297.7473,418.2411,12.9944,100.3317,4.8864,0
7.7761,232.0269,15691.2405,5.6757,334.0637,394.6888,13.6134,42.2966,3.9608,1
,199.5936,28965.0794,5.617,350.1074,479.5025,14.325,77.5486,3.6986,0
9.6601,195.7465,27277.3758,6.0298,268.072,413.3211,16.1332,59.18,3.0552,0
9.5709,164.9325,25526.8061,6.7685,370.4673,468.7815,7.9452,74.4275,5.6903,0
7.4331,141.0173,10772.2684,6.5478,328.4146,286.9832,11.4796,98.8723,4.2085,1
6.7342,200.5621,20441.4818,9.7197,,529.9002,13.2351,56.7986,4.4669,1
10.5542,190.3658,5293.7691,3.5917,341.0769,391.8365,15.9553,90.0208,4.8569,0
,205.1604,9251.9658,5.5213,,337.9422,12.3871,41.0374,4.5386,1
7.7056,230.4063,26886.424,7.2912,372.7394,488.0244,11.004,59.1249,3.0096,1
5.4691,223.2033,29367.1509,8.2993,325.5027,529.9955,14.1195,71.5548,4.5197,0
8.2196,167.4723,19940.4365,7.2926,,515.8154,13.2702,47.5866,4.7025,1
5.9436,204.6772,6620.2853,7.0688,,480.1359,19.4038,53.5686,3.1486,1
6.4104,205.4403,13820.4522,7.9671,343.438,423.3157,14.2253,52.3208,3.7504,1
5.1272,188.1816,18660.3595,6.8177,336.9201,420.0433,19.5196,109.4212,4.985,0
6.3215,122.3356,35250.3912,6.6656,,542.7183,16.0711,72.6355,3.8078,1
7.1714,169.8703,16472.5742,7.7026,363.6607,399.8557,6.6714,68.3998,3.2656,1
4.886,193.0582,9580.782,4.8332,284.5119,479.2409,14.2077,75.3811,4.4795,0
5.7715,220.937,11911.0985,7.1375,357.1643,512.3748,15.6588,,4.314,0
,185.8401,14604.5874,5.8727,,498.0377,16.1708,73.563,4.5715,1
5.2333,150.272,17291.3611,7.5194,288.5583,267.8675,19.4257,67.5731,3.1533,0
5.249,240.7363,19704.8655,6.8003,332.9703,428.6944,12.548,69.3814,3.8556,0
5.8637,194.7558,38645.8627,9.0713,317.3271,244.233,13.7384,65.7946,3.5588,0
5.0221,180.9614,16917.1031,7.9714,,500.4736,12.0283,64.7981,2.7049,0
7.979,213.3872,3824.5299,7.5825,296.1404,482.4103,15.8463,65.234,4.9438,0
,218.6041,30459.0663,5.8674,374.0608,394.1009,11.2916,57.9162,3.0413,0
8.2059,193.2567,15287.1383,7.979,338.2955,321.1331,11.5091,61.7698,3.7867,1
8.4337,176.638,15374.1469,3.7412,374.7173,373.9202,11.2587,41.8732,4.0407,0
5.3275,177.1259,17018.4115,8.4955,308.678,343.2513,13.5707,60.8606,3.3165,0
,221.8931,24460.7614,8.4423,303.8429,459.5092,10.3101,49.2478,4.1141,1
6.3796,191.1996,22928.9046,7.4131,347.3316,421.8455,19.5537,58.7416,4.0596,0
5.4159,212.0504,25746.0374,8.165,275.7719,562.7627,11.9462,,4.6371,0
6.5903,132.9755,18949.6368,4.9169,306.3221,356.1223,10.3763,74.3529,3.6209,1
6.727,179.4442,22307.8652,6.3371,,311.7061,15.7353,75.6886,4.7424,1
8.121,183.0945,12643.8057,5.7101,307.8796,587.6432,18.1895,52.9618,3.8306,0
8.5818,180.1263,12801.5915,8.0269,,363.7058,9.0249,39.305,3.5307,1
5.4689,131.6544,16634.2103,8.023,274.4837,305.2876,14.2579,82.3964,3.9733,0
6.4855,180.8964,17958.1381,9.5823,371.6944,472.5416,13.2516,74.9635,3.6659,0
7.8571,247.1774,7320.2247,5.4835,283.9134,549.5946,8.8906,73.8535,2.7556,1
,205.5107,11525.3391,5.7239,282.8109,431.8901,9.4783,77.1664,4.0616,0
,178.202,32203.8208,7.7795,340.853,462.7517,16.9336,69.9941,3.5432,0
8.9538,171.8599,31611.0955,6.1473,289.3567,486.3871,12.7285,60.184,5.7837,0
6.834,150.9266,35489.0601,6.0712,,371.2803,13.6495,86.2582,4.5392,1
,202.9146,31497.579,8.0851,287.4937,432.5222,11.6218,41.4805,2.664,0
6.4589,169.6821,29286.9779,7.118,341.9597,495.3063,14.011,97.0721,3.6542,1
5.862,182.356,36394.4119,6.2184,,392.9139,11.3337,66.2191,4.0708,0
7.1459,224.6369,27243.8,8.83,349.8895,580.7659,17.7293,65.3517,5.3995,0
8.7949,226.3388,19028.4375,6.9372,361.6392,315.7101,15.284,,3.7754,0
7.125,215.6653,19345.9394,4.9105,353.7754,346.1214,16.4599,65.9002,4.869,1
3.6227,140.8411,24585.6676,6.783,,390.3868,14.6046,55.7162,3.163,0
8.0835,176.7247,25449.4966,7.1061,336.2631,367.1607,9.1039,67.0277,3.6651,1
4.7192,233.9932,20632.7128,6.026,384.2619,396.1752,22.3615,90.9106,3.0204,0
,156.3314,19009.1323,8.7165,,478.5928,11.31,85.6694,3.1538,0
,236.4713,21492.4288,7.5555,386.151,572.5376,13.878,65.3882,4.6321,0
,194.3401,15133.426,8.2079,368.4246,302.3901,10.5654,62.1503,4.9961,0
5.2419,226.3489,40884.4256,8.4991,375.1769,363.0964,13.7177,54.8003,3.4243,0
5.6308,181.5093,26286.3276,6.7206,,312.2816,11.0183,,3.217,0
6.1815,156.8274,5003.779,6.7926,,431.5706,15.4099,46.095,5.0898,0
7.0017,161.7879,29358.717,7.3057,358.967,375.1222,19.0612,64.8546,4.108,1
6.589,243.011,14971.5836,6.5674,372.0317,359.8062,12.0891,26.308,2.4668,1
4.9038,184.5002,20064.4384,9.4049,373.6925,388.8092,13.4645,,4.3338,0
6.8129,154.8596,22049.9008,5.8134,361.0422,451.8333,14.8972,73.2276,3.5126,1
8.5099,221.9326,29544.087,5.0919,,359.2257,13.3135,60.2189,3.5806,0
8.4739,144.3076,21668.7314,8.0423,332.9314,425.2187,16.3344,,4.4014,0
7.2779,189.726,24420.5026,6.8817,309.5964,322.0005,18.8385,65.2458,5.1938,1
7.9905,206.2111,20895.2497,4.9822,279.3251,558.2107,8.1279,90.6757,5.0275,0
8.3916,204.7028,41710.0115,8.3207,337.2765,421.3623,18.0799,45.0083,3.0168,0
9.0816,208.9488,21665.6884,8.389,307.5308,539.8685,11.9636,111.4501,4.7864,0
9.5738,192.0911,14481.1285,5.8744,,580.4073,13.2413,58.7646,3.8251,0
6.6092,114.1019,10965.5494,5.3686,,438.4941,10.3486,76.0047,2.1372,1
6.6807,203.0708,22144.7395,8.4604,378.5897,305.6425,19.2775,74.3412,2.3789,0
9.245,193.5398,18225.7562,8.3145,,461.4043,13.8077,102.5924,3.746,0
9.3748,188.4518,23560.9914,8.4335,283.9825,342.1716,15.9942,57.8396,4.0398,0
9.3448,211.0966,25757.9921,6.7306,331.7167,487.6672,14.3472,66.0773,6.74,0
3.635,220.2246,12218.1603,8.5607,,365.7248,15.0858,54.5897,3.6058,0
6.7571,201.99,22642.6571,9.8199,314.452,472.095,16.1446,77.5773,3.7378,0
2.2944,244.3113,15897.3459,8.3905,393.3533,456.6582,18.5989,76.4921,4.6931,0
8.153,267.1524,16105.0542,8.3077,374.0753,308.364,20.4205,41.4665,3.2181,0
7.1618,204.3797,13990.6862,9.0422,,546.3028,13.0439,29.3826,3.9378,1
7.1567,183.5061,19985.406,8.0342,350.4723,659.4288,10.7156,56.6763,4.7828,1
6.8776,152.3511,15984.4237,7.2963,,348.9994,17.7443,75.4773,3.8502,1
8.996,213.9329,16083.7982,7.8397,353.3463,422.7494,16.3538,49.0232,2.6277,0
6.6491,136.4745,19010.1987,8.7858,362.6553,349.9121,14.6856,40.5642,3.6626,1
8.5987,250.4061,11008.0483,7.7724,,432.0183,20.0058,60.5986,4.8615,0
7.8938,227.1209,33212.5564,8.3507,231.5418,431.3676,10.2241,54.1931,3.4869,1
7.6045,177.6461,27388.9344,6.678,397.8654,460.1059,7.537,78.7203,3.8856,1
,217.3517,18805.9077,7.1436,295.9426,494.9629,15.1651,67.2343,5.3884,1
7.2427,166.2794,24562.2785,4.9962,364.0604,478.0519,14.6982,63.5437,3.7585,1
5.4722,158.6642,14060.4818,8.6628,293.8498,352.4914,11.3093,53.0548,4.6135,0
8.1328,220.0607,22869.8134,7.8305,336.938,265.1518,9.8946,53.607,4.8198,0
8.1286,161.4497,9084.7879,5.6885,355.6697,416.9485,11.7298,,5.4407,1
6.8685,203.0154,21462.8014,7.9872,324.6149,417.0044,14.9376,76.871,3.5939,1
8.1541,190.6902,23002.2269,6.047,356.5148,485.7273,13.3826,83.3223,5.6061,0
8.4014,246.3592,18883.8304,8.0705,315.2357,550.3718,14.6828,71.824,3.2994,1
5.1962,205.2429,28194.2666,10.2578,305.8033,451.8205,13.2553,81.6538,4.0157,0
6.8711,246.893,15147.9083,7.4863,,392.2793,17.3193,35.7836,5.3787,0
6.4284,223.4068,23064.097,6.1425,,434.1962,13.3435,69.9042,3.7253,1
5.7494,169.6107,26699.3724,6.5587,333.4839,392.9867,12.9741,60.9853,2.2883,1
7.5538,156.4884,26442.6031,7.6423,,438.7172,9.8547,54.3228,3.542,1
5.8405,125.4221,21796.7093,6.5944,,376.7048,17.3548,91.7792,4.3935,0
,195.9635,36047.036,8.2622,313.9892,462.8818,10.6231,,6.3607,0
7.4407,103.3119,28681.8015,4.3197,383.4867,364.1796,8.8468,53.9469,3.3443,1
7.5943,167.7939,27514.7229,9.3835,,325.8878,17.2572,86.7366,2.911,1
,115.4572,15883.8793,7.001,352.6422,441.9964,11.5251,62.4975,3.794,1
10.3638,174.2956,22647.4715,7.1612,,461.2646,16.3425,50.0594,4.7838,0
6.3396,217.9849,17461.7059,9.2154,,464.0692,14.7175,74.3314,4.2731,0
7.4478,165.8717,39312.2648,8.7184,407.9415,330.6998,11.698,73.1916,5.8187,0
5.3074,176.5011,25181.1631,4.4418,352.2801,289.3257,16.6611,50.3517,4.11,0
7.7876,179.636,15581.7216,5.0541,402.4552,309.2719,12.6929,86.0422,5.2296,1
,203.5158,29272.3295,8.5589,320.213,528.4708,21.0581,94.8689,4.0417,0
8.8644,145.9353,31334.255,6.5745,312.9728,495.7586,9.9326,82.8925,5.1892,0
6.1454,198.1716,17155.4161,5.7734,,469.0111,12.4157,55.5362,5.5307,1
,191.1938,23478.0846,8.3972,346.4454,536.832,8.9855,88.5184,3.3911,1
8.9357,160.5451,43115.0808,6.9633,380.4466,511.0692,19.3584,87.0077,4.2771,0
6.9427,162.1978,22370.5086,7.7832,,529.9893,12.1459,69.085,3.9654,1
8.4893,234.3273,25011.8328,5.8753,321.5255,429.6161,14.4863,85.4867,4.7479,0
5.6505,218.3147,48459.9376,6.4421,345.6345,575.7233,16.4896,54.7291,3.6332,0
9.1136,208.5635,21951.1038,6.8543,333.5963,549.6361,6.9945,63.4109,3.2211,0
8.5901,166.9775,12004.3318,7.5669,371.9915,354.4743,13.7446,67.6279,4.6498,0
7.7621,183.0708,13998.6607,8.72,454.1986,494.11,15.4261,62.8041,4.3508,1
5.9062,151.5759,23186.7875,4.6422,327.5337,555.3467,15.3965,53.4815,4.0073,0
6.8452,136.3891,28592.1761,5.8835,,621.9844,12.6073,35.2701,4.1893,1
7.3024,178.8344,14598.0181,5.964,324.8891,393.9809,13.5789,83.4033,3.7418,1
7.4672,174.5765,4740.2167,7.2945,274.0235,461.5568,7.4268,,3.948,1
6.926,153.2151,26826.2047,5.9833,272.7819,461.281,10.9809,66.7191,4.2254,1
6.7589,154.0779,20191.7457,7.2208,294.844,358.6786,11.4983,83.5828,4.1813,1
7.3629,206.3218,17746.6891,8.8288,248.6438,416.773,15.2413,58.15,2.5295,0
9.1315,178.8996,14452.5141,7.3224,326.5551,441.4797,9.4854,80.065,5.5404,0
4.1284,142.198,31454.1984,9.0013,361.7821,319.3028,12.3675,100.9818,4.3077,0
5.0633,261.2889,20556.535,7.0803,,452.2545,8.2072,79.0654,3.4865,0
4.809,136.8783,10826.0778,4.3228,317.2459,384.1733,13.2899,87.4929,4.0461,0
6.0701,201.1046,13492.5934,7.0512,,359.3342,17.893,82.3317,4.0082,1
4.5218,161.0279,18116.3116,7.5677,,362.1006,14.9425,84.6105,5.8121,0
7.8931,216.3454,9586.2583,6.1067,386.9857,493.5662,14.8222,64.7374,4.1844,0
,196.4038,17542.7279,6.8839,,509.1397,9.1735,80.9969,4.1885,1
6.7069,227.4679,31683.2758,9.0788,336.6357,399.8877,10.1186,63.7637,5.1904,0
6.0781,191.7573,29160.4922,7.8311,315.8837,409.3421,15.8713,37.7041,3.5493,0
7.3106,169.1615,30439.5802,5.4343,,250.3411,14.5438,96.1181,5.4805,0
7.342,241.5258,30284.6202,5.1468,400.1241,424.0726,23.15,75.7,4.5233,0
7.5655,192.1448,23256.0673,8.1215,360.5469,560.1728,17.2691,71.3765,4.5942,0
,187.1359,25122.7175,8.0183,344.9213,467.924,16.1558,62.2654,4.6362,0
8.0345,189.013,7230.9519,5.2604,410.2716,515.952,15.7294,71.8018,4.4867,0
,170.0757,28368.2707,6.7967,,438.0688,16.2981,20.9101,3.743,0
,205.5811,27294.5416,7.227,347.8721,372.4528,15.1147,49.0825,2.847,0
2.5572,249.2068,23972.4364,8.6344,,425.1545,10.2794,79.1081,4.5847,0
6.2073,243.1809,23898.0054,8.3777,,526.6935,16.0765,55.0612,5.1621,0
5.3126,203.808,12809.7944,10.7492,,493.6523,16.3911,56.4998,3.7425,0
,215.2258,17950.8433,6.0638,316.7104,357.3754,11.4388,,3.8472,1
4.8968,218.6048,8600.8393,4.3456,369.7423,364.12,13.3564,44.9709,4.4788,0
9.7581,173.0772,17871.519,6.9649,275.6844,483.5089,12.5546,45.0671,4.6094,0
4.8095,243.0337,19787.6977,8.6887,278.3618,458.7841,13.5888,78.2107,4.9399,0
10.0618,202.2294,16478.275,5.3774,,559.902,15.1011,91.8724,1.8564,0
7.7386,134.2194,31808.9209,5.474,301.1519,356.6388,10.2629,69.083,3.2081,1
,214.2609,14877.8011,7.4799,309.8021,274.3561,13.7199,66.1857,4.172,1
7.7206,163.9186,24773.0967,7.1656,332.6135,430.3805,8.9216,56.1387,4.7014,1
10.3031,203.8548,23694.9928,9.1269,290.532,309.7305,17.7032,65.2192,4.5714,0
,216.1953,20467.5055,6.3751,325.9131,391.3275,14.7726,98.5952,3.8085,1
3.7969,183.7075,26706.6231,11.2035,,399.4089,15.2957,65.1896,3.7108,0
8.8355,202.99,25289.5976,8.5029,335.2373,433.4183,12.4614,79.3997,3.9797,0
7.4207,238.342,18753.6187,8.5219,317.7706,607.3609,15.158,56.1241,2.8169,1
4.703,148.562,33118.0242,5.09,339.9568,488.6892,7.3853,86.8398,5.9718,0
8.1979,131.8843,20784.4371,7.8665,301.5425,404.5358,13.3533,68.9876,6.2559,0
5.2997,189.8871,27259.233,9.9821,,371.7755,13.6137,71.4999,4.1724,0
7.3464,185.9375,13219.6658,6.7254,370.3286,529.6321,12.5592,67.3988,4.13,1
7.4229,262.1792,14237.9229,9.9237,308.8814,421.5958,10.466,50.8912,3.7489,0
6.1269,226.5502,23451.4604,8.3836,,329.9611,19.2835,47.8256,2.6449,0
8.0319,211.1297,41585.6828,9.0499,351.7732,462.2408,15.6459,77.7417,4.5957,0
5.5782,190.4628,11287.3107,7.8176,260.8637,349.4712,14.8279,79.6626,4.3075,0
7.361,130.1008,11908.9595,8.7471,386.8008,476.4739,12.7318,71.8956,4.684,0
6.2754,150.1395,15506.1719,4.3993,300.4834,573.7058,21.5721,52.6952,5.1986,0
6.8115,182.9231,18287.4414,6.9151,253.1783,344.968,14.8816,72.451,3.8237,1
9.9066,199.7101,22564.8605,6.4242,334.4233,454.741,10.4424,87.6756,4.6827,0
7.2447,179.5528,30824.9535,7.2763,286.4231,399.1218,17.9369,77.6181,3.9415,1
5.4816,197.1927,20594.7016,6.477,273.8466,403.1567,18.3542,45.0272,2.7869,0
6.9077,216.5303,27045.3383,5.1961,289.4039,517.7909,9.4529,66.0454,3.2157,1
5.9492,170.1173,22236.7723,7.7621,330.4271,257.4475,19.2204,63.9353,3.8973,0
,179.4699,17194.7732,7.6172,349.3039,369.6701,14.4757,74.4543,3.739,1
7.318,161.5576,17943.4298,7.099,253.6321,538.6037,18.8778,74.7694,4.3792,1
7.2049,233.1632,26207.3132,8.5896,329.1322,380.1107,11.9475,49.8941,3.7797,1
7.2032,126.8015,23605.0793,6.5483,290.9531,335.0902,18.3549,58.0263,3.6967,1
6.2796,213.0535,33314.9246,8.5797,319.0752,396.4513,10.1594,46.2087,4.428,1
7.7403,218.5804,23770.2406,8.3271,354.8165,444.0436,10.4834,54.8811,4.0903,1
8.6343,126.466,21093.3257,5.7385,342.6475,461.126,12.9478,75.9827,5.3614,0
6.1679,177.3533,12437.9014,8.4115,378.2738,498.6781,12.0062,57.0854,4.2823,1
6.9942,228.8052,15651.6147,6.6833,290.7825,544.5239,9.8653,65.3679,3.806,1
7.1692,163.458,25230.3623,7.6765,,492.0969,11.844,55.2831,3.4888,1
8.923,174.1312,24808.0087,6.4925,,472.4372,10.9508,64.0159,4.8557,0
,191.7037,36134.7352,9.1871,,477.2363,11.4282,41.6882,4.0488,0
6.0068,236.3592,16896.1873,7.8694,296.4418,346.0031,12.5334,73.2198,2.9304,0
7.1864,213.429,27653.9849,2.9882,267.4174,481.6398,12.4686,61.5531,4.4993,0
4.8838,170.5091,21558.0599,5.6311,,541.6712,17.735,75.3476,4.2175,0
5.6607,147.7305,4659.892,5.1384,407.3097,392.356,11.1414,67.0825,4.672,0
7.1021,143.3363,12418.6418,6.6812,,479.5053,16.6318,51.5949,4.5533,1
8.006,203.9287,24381.5802,8.1927,,504.851,16.6099,84.3765,3.1388,0
8.483,121.4959,19181.3,7.2294,338.1151,439.2892,17.1452,85.8958,4.7071,0
6.6231,173.7801,16581.1747,4.3936,314.0635,445.525,14.1786,72.5823,3.1469,1
5.0912,212.2983,31570.3376,3.7897,,349.6446,11.9614,71.7401,3.8623,0
7.6634,153.2134,20358.5162,7.1142,351.4705,381.0741,10.132,71.956,3.7085,1
6.8256,182.091,24667.9697,6.6609,,472.8243,17.6466,59.1644,3.7078,1
7.7032,189.0255,28701.3846,8.4023,381.7487,568.5729,14.4595,58.7246,3.3988,1
7.3154,217.4523,18372.8891,7.9904,337.9451,351.1517,12.5306,79.8846,3.3418,1
8.1321,148.2704,27724.1094,7.5042,314.4177,544.2201,9.3344,61.2319,5.0425,0
8.0423,194.9147,13816.4644,9.3054,321.1678,415.7706,16.1552,64.5885,1.733,0
8.3201,190.7809,11341.4763,7.6653,,360.6194,16.3531,49.3611,3.2365,0
6.405,196.0204,31639.4562,8.2386,397.4075,253.465,14.9289,107.8716,4.4547,1
8.5434,140.7791,33260.6942,6.3932,308.2701,405.3736,9.9125,79.297,2.6356,0
6.3405,209.2797,28410.7581,7.745,349.8305,466.3318,16.3738,59.763,3.3149,0
,164.8833,15839.6946,9.7895,307.7781,324.7429,16.4189,101.233,2.8895,1
9.8151,188.8529,19345.7971,5.3615,290.4587,422.0289,9.3393,57.3678,2.7184,0
7.6045,164.6985,14320.9863,5.1542,,433.9463,16.4709,78.0389,3.7427,1
,256.4392,14299.726,6.3831,349.429,473.3125,17.3264,41.545,4.4119,0
9.2709,194.508,23337.5046,8.8654,,456.8879,14.2307,72.8774,2.2475,0
8.5501,263.0645,18221.9329,7.2051,,435.1829,10.8816,86.1281,4.5112,1
8.7565,172.117,31976.9148,5.96,285.7084,498.1596,19.6152,38.2201,3.9204,0
7.3699,183.5731,8978.0627,8.0496,246.4111,468.1992,10.3432,62.8428,3.3543,1
,241.2341,17784.8126,7.0238,275.2568,412.6909,15.9052,33.3379,3.7068,1
6.7375,180.6631,11871.0162,7.1017,356.5839,402.3516,17.4283,64.3902,3.9635,1
6.0511,207.3132,11123.935,5.0336,353.6075,413.4189,15.7128,46.6448,3.6146,0
9.3291,230.729,37994.0339,4.1935,406.7409,249.66,5.7064,64.5363,3.6911,0
6.5385,180.6219,35444.7847,7.8133,370.6549,434.5644,12.443,59.2028,3.6838,1
6.3734,170.5999,25684.4977,6.2509,,361.732,13.2875,77.99,3.142,1
,184.6871,26597.1706,8.2274,359.0279,494.0572,11.685,39.5768,4.3605,1
9.8176,226.1718,27230.3562,10.2873,390.5666,438.1988,18.1902,75.8536,5.4375,0
8.3709,206.9712,22446.4778,8.4333,265.9408,459.2302,13.5784,53.3142,3.6432,0
6.5392,235.315,320.0,5.2287,251.5401,369.6545,19.2699,78.3446,4.2888,0
,184.2246,2955.1936,7.5407,345.9538,462.5031,15.2441,52.9198,5.6536,1
7.8304,177.2203,26889.2823,6.2004,353.2938,425.9528,5.186,83.9984,4.3571,1
8.3713,155.8099,320.0,7.6131,254.7347,291.3469,9.6411,80.2152,2.9687,0
4.7126,183.0781,33957.8709,8.5341,314.767,284.2363,19.331,86.6757,3.8717,0
,173.4853,28955.0481,6.6339,281.5641,291.9661,7.9519,57.6373,4.9169,0
6.7595,188.9772,24602.7677,8.0217,,449.6128,17.5403,80.8213,3.4714,1
6.0715,161.9801,25126.3719,7.3562,390.0989,457.6296,16.1785,42.521,3.7443,0
6.5062,169.4044,27918.2194,7.9048,369.577,430.2321,19.1869,69.3331,2.9108,1
8.2441,182.6832,16812.5368,8.4598,384.4888,490.8541,17.2278,77.4235,3.4818,0
9.6649,224.7078,37588.6167,7.0487,314.9578,489.6792,13.4612,72.5288,4.5343,0
7.2974,181.958,19709.3622,8.9134,304.4655,317.6748,15.845,84.3924,4.6344,1
7.8986,174.0802,14082.3474,9.1693,375.4359,360.0461,14.9505,,3.8601,0
5.8834,226.6583,37680.9406,5.764,307.4116,406.5984,16.1368,76.0877,4.0254,0
7.8023,237.1755,23105.2738,6.8932,337.0064,471.2164,10.05,58.4782,3.8384,1
8.2893,183.1335,24757.3951,7.091,358.7205,477.1426,15.4124,39.9611,4.654,1
4.8926,184.5,32140.6752,4.1031,,367.621,21.352,66.2627,5.4095,0
6.326,133.4021,40667.1544,5.7128,241.6113,543.584,14.6314,43.8503,4.0246,0
8.2425,141.7673,21622.274,9.1359,382.8586,465.061,14.0207,64.7775,2.9107,0
4.4944,191.3926,22830.8211,8.0619,327.3704,449.1631,15.8498,40.0252,4.6379,0
6.5304,238.5457,10030.5563,7.2503,,427.9277,18.2817,47.7985,3.9072,1
7.963,253.5661,22174.7375,7.4724,352.1359,457.8876,10.9818,68.2527,3.3434,1
4.5949,220.054,36226.8132,8.6517,265.2166,277.0368,10.5594,72.7326,3.9851,0
6.4969,177.0809,15367.1099,5.29,343.586,363.1015,16.5156,,3.9273,1
7.1606,209.8989,14147.1531,9.4765,,369.8623,14.7589,67.7706,3.618,1
8.3889,144.8106,7401.3815,6.2465,321.8894,476.212,14.2189,43.5591,3.8617,1
5.2003,190.3939,10935.2089,6.5421,309.5131,472.5233,14.3928,70.735,5.1511,0
8.711,154.2257,10617.2351,5.5073,,400.2626,8.8161,66.7706,3.4791,0
7.5293,193.2165,22028.1543,7.6264,346.0317,737.4214,11.9057,68.5957,4.6114,1
8.8394,240.2384,24359.7385,5.7895,299.552,208.0457,15.3233,,3.8079,0
8.7899,264.6412,4609.9387,6.9918,360.3788,364.3973,17.8613,72.1195,3.4949,0
7.581,200.1622,25581.2102,5.71,413.5004,583.0991,14.5997,64.851,5.0403,1
7.794,206.1333,33030.9131,8.9261,326.5084,490.776,16.5143,46.1406,3.2054,0
4.523,138.7008,29196.972,9.16,394.8755,293.0907,15.8161,64.8366,4.777,0
5.0953,171.6689,15437.3176,5.9202,327.7862,493.5265,11.9568,58.3981,3.661,0
5.6022,243.1052,28982.8028,4.9915,316.2883,464.2704,10.1551,82.1811,3.2569,0
6.5684,231.3387,17558.5054,5.0825,,529.47,17.3151,49.7635,5.1883,0
,220.5463,12354.1882,8.3276,,527.9385,11.5435,69.014,4.9135,0
4.4584,207.9109,9840.2693,5.0356,327.1957,427.5654,10.4886,79.7019,5.3283,0
6.6097,247.2672,9144.1348,5.7017,299.5624,376.7371,12.856,62.7173,4.3012,1
5.1378,184.7578,19033.1214,6.9571,376.8261,394.3035,7.5173,54.3872,3.1719,0
4.7902,186.9104,27062.2376,9.4101,,401.9546,10.7743,,4.6794,0
9.2511,285.5289,6464.5734,7.1816,344.6001,328.6029,10.3295,40.1558,2.9276,0
,164.9894,4615.6166,6.6581,259.5069,432.6185,18.1932,76.0743,4.4163,0
9.4837,207.9646,31957.9999,8.1605,298.8951,415.1591,13.255,101.824,5.3242,0
8.8207,180.8665,13732.0654,4.4358,318.4373,370.4304,14.9633,71.1633,4.7363,0
5.7255,242.4915,40993.8546,5.3863,,213.9535,16.0016,62.0289,4.0506,0
4.3536,184.5341,25255.7069,8.6111,355.0064,465.1984,16.037,68.0063,4.1444,0
10.123,181.8904,9647.2767,8.8192,341.8623,352.7796,19.2492,41.4288,3.0591,0
6.4846,182.9943,29907.0976,7.9707,309.9737,362.6614,14.5543,,3.9956,1
5.3975,219.7836,30691.6416,7.7331,388.5026,503.6213,16.8357,76.7749,3.5403,0
8.096,160.177,7207.2101,6.6424,324.0589,352.1968,11.4394,67.033,3.3607,1
7.2806,144.4644,19695.8031,6.7339,323.2696,506.3125,12.0397,77.0552,4.1601,1
6.093,189.2749,33699.5362,9.8694,272.6551,412.5935,14.8732,48.9142,2.7332,0
6.5715,181.5205,8754.3549,5.5549,368.024,271.5119,12.3469,87.0466,3.1683,1
7.3171,210.9513,25576.4331,9.099,,405.2174,14.5694,58.4147,3.7802,1
7.1887,181.8452,24801.4211,7.0372,383.3788,371.0895,12.5032,68.6695,4.1944,1
8.1906,173.3009,38675.1924,4.671,304.7845,434.8719,15.9699,55.6524,4.4323,0
6.5604,202.6772,33218.8721,7.9855,,401.3836,14.1008,81.9165,5.1726,0
6.5756,207.3605,18465.758,5.8565,349.7928,450.4963,12.3394,67.3107,4.158,1
7.9629,226.8019,9561.8361,7.747,,482.0597,14.0474,61.8665,3.2598,1
7.54,195.3949,18878.5064,7.6793,,435.9325,13.6627,49.5977,3.6925,1
8.6886,133.6178,22704.7487,10.7489,312.3446,519.0199,16.2105,51.3688,3.3471,0
6.7126,191.7257,21680.1316,6.1843,,343.079,16.7831,60.8896,4.6756,1
6.9354,193.5273,18113.4101,4.0212,,420.9748,10.461,99.4306,3.8493,0
,190.0055,13674.6208,7.7661,278.7252,451.5177,18.2429,,4.8091,0
9.2838,210.8014,32818.9881,8.1313,319.0809,451.0641,13.7136,83.6147,4.4299,0
5.0311,183.9684,18565.7052,6.7333,434.132,562.7354,12.8318,,3.1294,0
7.377,229.9839,15449.6289,5.9557,314.9206,402.1402,15.4703,103.3523,4.1903,1
5.7688,183.6913,23709.0315,7.8961,307.1107,485.191,16.9595,50.835,4.7666,0
7.5759,239.386,23081.8837,8.2102,,416.1916,12.5285,79.1752,3.3534,1
8.1742,156.7332,21739.1969,6.4686,,430.1127,13.6843,52.9512,3.0805,1
4.6702,115.7523,32229.2447,8.4313,295.2458,322.8319,10.2226,58.8158,3.2441,0
,161.5823,13139.0657,7.2103,361.7909,426.9541,16.5408,,3.6694,1
4.4976,287.0802,24172.9978,7.0043,274.6713,377.3054,15.2363,50.1993,3.6019,0
9.1443,184.8364,30672.7457,5.2423,,609.8725,15.1171,47.023,4.3898,0
6.4286,189.6966,17966.3719,6.0904,,378.103,13.5299,52.8188,4.5117,1
4.7625,202.3136,23180.7516,8.1689,355.1384,477.8289,14.8009,70.5501,2.9155,0
,179.3924,27555.7521,9.0885,328.1379,548.1783,8.3564,48.2281,3.3105,0
9.0076,202.1592,26452.8303,8.9186,315.7791,495.9269,14.3491,81.0166,4.1396,0
9.2667,197.5274,22098.2566,6.9884,414.4678,363.6836,20.6841,62.4629,5.0293,0
8.9478,261.585,11306.2398,6.8825,,381.5746,11.1237,31.389,4.166,0
,233.162,14195.902,5.7854,357.5312,543.5399,15.8183,92.1228,5.2839,0
6.8561,202.6491,22114.1242,5.8875,295.8607,327.1444,4.4887,70.4515,4.1205,1
9.4831,216.7522,19413.2407,6.5585,,430.5379,14.419,65.2486,4.9489,0
6.0046,213.7549,19332.3402,8.6346,249.6995,525.0158,11.4896,30.8706,4.5665,1
6.588,158.235,17390.9598,8.9867,256.4891,289.8694,15.6493,47.6954,3.7323,1
,230.7592,7027.0734,7.6826,295.632,359.656,8.7103,37.5993,3.5935,0
,173.0672,27256.9606,8.0102,326.5182,346.7512,11.1582,45.3963,4.1266,0
,220.0476,12903.4548,5.6484,349.1923,379.7618,11.4083,65.2408,3.5503,0
8.0071,198.6636,35564.3362,6.8354,316.2453,472.8622,14.1984,71.9004,3.6302,1
7.741,223.9355,45981.3386,8.2154,,342.8972,15.8573,,3.2334,1
7.9321,240.9593,28829.3975,7.2157,324.5249,371.1138,12.5062,63.5253,4.0178,1
8.5813,213.4669,26045.7849,8.033,324.6948,513.1874,13.1407,62.1644,4.0589,0
,178.2482,16556.3797,5.0851,,505.6429,13.3802,61.6704,2.0315,0
7.0694,183.7899,13565.1685,9.4964,,393.0734,18.1421,76.6355,3.9008,0
6.579,212.8146,18509.8721,6.6324,355.147,346.7092,13.2115,86.487,4.2426,1
5.575,180.4485,30737.7744,6.1333,385.588,322.182,16.9363,45.3846,4.7971,0
8.671,181.5523,22330.072,7.2851,353.6187,449.3239,13.4763,43.9481,3.6056,1
6.323,190.2582,8014.8837,1.3191,,426.2606,13.6703,40.8112,3.0513,0
4.8829,182.3889,28933.952,6.5989,374.1801,479.4842,12.5921,65.5826,3.683,0
6.6849,211.4855,17709.8966,10.249,348.1059,442.5218,14.44,90.5688,3.6832,0
,179.3469,29121.5734,6.2099,266.5811,451.1514,10.7324,70.4486,3.3479,1
8.3038,197.3029,22100.1607,8.6004,364.1112,301.9658,12.2525,76.7498,3.558,1
,170.1296,15247.1745,4.4816,357.9532,478.6279,13.59,54.9986,3.1382,0
6.0054,137.1228,18073.916,4.9074,292.3541,273.9209,13.8911,70.7839,3.4855,1
5.9037,220.4965,28378.143,4.6193,,546.2808,17.3936,57.1663,4.4348,0
6.5976,226.4494,17110.8531,9.2718,282.8292,310.0928,13.6952,70.3898,3.5017,1
5.2992,177.7928,33559.6197,4.1458,417.6533,393.448,16.288,60.1391,3.9367,0
6.9188,220.7852,15241.0093,7.5677,237.8302,333.5354,19.9029,67.9115,3.2092,0
7.758,204.5255,34397.2282,5.8181,348.6763,527.1137,14.7354,86.672,4.2979,1
7.1431,156.0604,10615.1994,8.1371,304.6289,414.8183,12.5922,48.6332,6.0712,0
4.7084,233.2782,12698.323,5.4215,,477.953,12.0118,70.947,2.8078,0
5.3277,128.6869,27161.9583,6.0394,360.555,471.8976,21.6839,62.3148,5.3614,0
8.9702,192.5629,34954.0324,7.7032,362.7347,339.2085,8.9702,44.7538,3.332,0
5.5904,218.1046,19462.4786,4.3777,369.9955,359.0065,15.2717,80.7719,5.2371,0
8.1656,158.0277,28833.6544,3.9066,384.789,326.2003,13.4274,85.5805,3.6032,0
8.009,247.2737,14032.6161,10.2681,289.24,355.8932,18.9333,72.6035,4.6851,0
6.6066,175.0792,13331.3645,7.2401,,478.8269,15.4567,65.6209,4.2189,0
5.6145,235.7665,22208.7652,7.8983,320.7552,459.4182,14.0863,68.8608,5.4352,0
7.3893,188.3091,40467.2272,7.1247,,474.8414,11.3721,,3.1269,1
5.7774,217.2214,19669.7884,7.6859,248.3437,351.5784,10.9749,91.1678,4.0693,0
6.8216,192.9368,8197.456,7.1333,380.6634,342.6411,13.3143,59.2665,3.5275,1
,272.9228,708.7837,7.7615,,512.4001,10.9499,79.7339,2.7731,0
6.0262,208.3453,21230.0195,5.1663,367.575,449.3973,18.678,70.0708,3.25,0
6.7465,228.7476,27160.9314,3.0196,353.3721,440.8199,10.7778,52.169,3.2794,1
6.6266,218.8306,18773.683,6.0723,303.3634,411.6306,19.1103,72.1604,4.7422,1
,201.4754,23303.0358,9.5664,295.2817,467.1644,13.1291,61.0496,2.5967,0
6.7998,186.8154,15152.3904,6.0968,,517.0013,18.6543,75.1546,3.8723,1
6.1432,208.7122,32672.0544,4.2337,,397.0243,15.2123,60.4356,5.0004,0
4.3985,228.0915,26114.1842,9.5259,297.0041,378.6192,12.2421,55.9413,4.844,0
6.5835,225.3458,9772.8482,8.7617,318.335,306.6453,15.4922,55.3165,4.2448,0
6.6641,213.5077,16437.8456,6.198,,399.6348,15.4795,63.069,3.6517,1
6.1908,191.2525,32222.764,8.3201,305.7774,337.5213,18.4573,77.2779,4.0417,0
4.0493,219.034,21428.021,7.9716,407.8707,295.2596,9.1179,70.2169,4.3681,0
,163.1512,1332.5655,5.1577,,439.4844,14.7874,,4.4137,0
8.0848,195.1865,18254.1441,9.0419,340.4738,440.9045,19.0129,55.5717,4.5413,0
8.0362,128.5948,17280.7724,8.1482,341.5013,427.9949,19.331,50.8353,4.2274,1
7.5575,173.468,320.0,7.8553,,294.9699,10.3644,78.5199,4.33,1
5.2324,190.8656,25559.648,8.8879,345.0451,352.5643,17.2416,65.5631,4.6214,0
,149.5743,33554.3414,4.1,256.4312,382.0167,18.0309,62.2759,5.2838,0
5.7164,158.3728,16802.9778,6.9642,308.3052,582.1763,18.9182,47.8876,2.6958,0
10.2957,227.1363,13780.8598,9.5942,303.0702,462.8257,17.7062,94.7427,3.7342,0
6.3147,212.8745,19539.3154,9.1592,310.1389,500.2002,14.2254,65.2733,4.1176,0
8.0613,232.3429,17344.4637,4.8314,351.8495,418.8738,11.4458,61.9267,4.0071,1
,235.0316,20730.2387,8.1483,387.4781,336.8014,13.2391,83.0432,4.5029,0
5.346,217.7588,25859.0076,6.1211,,583.8517,8.8813,,4.1944,0
,222.9372,7670.0065,7.7505,362.3995,446.5327,18.0588,72.6759,4.7193,0
8.1127,206.485,18421.4594,5.9468,309.1605,450.0579,14.9604,81.1628,4.4238,1
7.885,239.047,37653.8056,9.3168,295.2258,493.9788,16.1117,67.5305,3.1208,0
7.5036,146.5759,20096.0513,10.4803,337.8861,409.9188,20.3499,73.7401,3.0144,0
,191.1953,22205.4667,8.8561,291.0721,449.7583,16.2498,67.7716,3.7449,0
8.7431,231.0071,24195.7157,8.901,340.079,319.0963,11.7859,58.8209,3.6015,0
5.7185,224.7222,14116.079,7.5253,375.9076,439.6814,10.5384,75.7074,4.1848,1
9.4546,199.2311,9151.1468,6.9337,,319.2609,11.1265,81.8404,5.387,0
,186.1944,40956.4407,9.5922,392.1261,300.817,15.1751,80.5428,4.5811,0
8.2945,224.6771,21442.8037,8.5925,289.4106,454.8542,13.4294,56.7565,3.2314,1
8.533,191.5114,12437.9339,7.714,360.7748,339.4892,15.2655,83.2097,3.1846,1
5.2259,160.1147,28843.2765,6.2447,,379.9758,11.9313,50.1333,3.6486,0
10.8741,235.3837,17712.8146,5.4898,325.2602,417.9287,17.5259,51.405,3.275,0
,184.5818,13132.6727,8.6242,293.2838,410.3442,7.369,42.9923,4.6446,1
8.5497,203.1296,16739.9745,8.6124,341.5253,528.9143,11.2914,65.7075,3.3509,1
5.8185,143.6666,9419.1769,7.2747,,414.1916,21.8503,66.0585,4.432,0
6.9844,112.7123,12361.3377,7.4061,,469.2741,17.1596,48.7499,5.7083,0
,211.8956,28965.5672,4.9897,330.4984,485.4625,17.5631,59.6926,3.8693,0
6.7274,251.6816,22142.8262,6.1323,,293.2681,15.5679,60.4021,3.9279,1
,121.9927,18804.2642,5.7215,329.6927,302.4509,16.3982,83.8389,3.3959,1
7.456,180.0856,32470.0334,8.1178,,451.6931,12.8771,72.7515,4.6245,1
,215.4666,27307.2916,6.945,,377.3096,11.9087,57.0349,4.2139,0
7.7868,203.2907,17680.0488,7.246,416.3413,332.9924,19.4726,44.9454,4.6252,1
7.4383,199.0718,8355.2006,6.0883,340.2761,485.1387,10.7327,45.5446,5.6376,1
7.1367,196.0262,16479.7434,7.3734,331.2964,453.1615,18.4311,96.6629,3.6495,1
10.0353,165.2767,32214.1028,4.6358,316.4194,387.7645,7.0284,66.4431,2.8953,0
6.2288,233.1789,13061.3792,10.0106,305.7154,470.2291,13.3807,81.0029,2.8447,0
8.8267,228.6947,39865.4391,7.3058,317.4881,201.0677,13.5488,74.8012,3.6556,0
4.1969,209.058,19286.9301,8.0308,372.0243,415.4701,11.4654,,3.5188,0
5.7896,121.437,9367.4835,7.9454,401.9987,500.1839,10.3658,63.9832,3.5812,0
7.6834,252.2976,17226.7843,5.9241,303.9956,475.2287,14.954,51.7351,4.565,1
6.8433,195.2148,33671.3998,9.4171,330.0207,423.9948,17.0207,47.2154,4.2215,1
11.5008,214.3502,15787.4571,7.5318,350.5467,518.4806,11.6562,81.0863,3.3872,0
10.8718,260.3736,25069.3408,7.0273,341.671,470.6767,15.8698,38.3701,2.7172,0
,240.1364,27593.9145,8.8829,306.3736,393.7277,10.9742,47.3033,3.1038,0
,194.0702,16340.1132,5.844,285.8079,438.5306,13.0719,77.4125,4.4021,0
6.8712,232.3547,30341.7558,8.3004,264.6318,481.2465,14.2239,58.6456,2.2893,1
9.6382,216.7729,33519.9246,10.052,340.3454,462.14,20.5667,74.9817,4.0112,0
8.7511,177.8961,28082.2511,6.5099,347.6651,378.6241,16.6995,65.1739,5.225,0
7.5612,201.5001,5872.951,7.9832,335.7295,181.0,11.6365,77.5385,5.1544,1
5.0009,138.9037,23870.2055,5.1892,362.621,589.4238,15.9034,69.2441,4.0066,0
,145.3209,27606.1339,7.6623,322.8648,395.1955,9.6175,,3.1902,0
3.1351,203.5149,29005.4446,7.7243,324.2887,244.7139,12.3698,86.324,3.729,0
4.8239,243.7349,37145.4716,4.706,,337.8587,18.8497,55.7442,3.1057,0
7.7102,164.8405,23848.6244,9.8364,400.0549,442.4875,15.3964,75.1049,5.3127,0
8.2444,236.7472,21715.7738,10.5021,289.2396,267.2483,17.1105,68.2515,4.7394,0
5.1679,202.1789,3510.6548,4.3086,,457.8733,14.7778,70.8951,4.3569,0
7.2441,256.4487,11146.6168,7.9474,397.7569,407.7076,7.8093,30.2642,4.4443,1
9.4764,185.4961,31102.6832,6.6181,341.9888,531.6696,13.9444,59.9304,2.371,0
7.3262,294.8104,11312.4779,6.8752,358.3609,353.7576,18.4132,96.4082,3.5373,1
6.6361,212.1885,19220.4111,7.9196,339.5373,427.0752,13.5698,83.0774,5.9583,0
7.9863,189.5344,6646.6043,7.3623,,539.0407,16.6828,54.1758,3.0453,1
7.8627,205.6884,18769.0366,6.9515,329.2256,481.4873,15.5427,89.9935,3.8605,1
,136.9561,10651.281,7.7156,,384.4783,13.1282,84.6374,4.0328,1
6.3003,208.8035,25343.1745,6.6486,,407.7724,9.7771,74.3835,4.8199,1
,186.8497,20581.8258,7.6101,263.4597,432.1682,20.3656,63.356,2.9265,0
,213.9106,24270.7084,6.2006,,275.8158,12.5764,72.8829,3.9626,1
6.2801,186.6155,7880.6475,8.6569,341.0586,459.4325,17.587,63.3284,5.4308,0
9.0473,107.6505,19455.1349,10.4275,374.8688,459.5322,10.732,88.6828,3.1232,0
,111.3033,28596.5285,7.306,305.1699,364.3049,16.5402,67.946,4.8492,0
,175.5006,320.0,6.7835,,367.0108,9.1052,75.7279,2.6958,0
10.0684,155.2561,15853.3188,9.3958,343.9678,433.2969,16.0491,56.0083,4.8718,0
,226.0181,20337.8624,4.152,318.1039,518.1845,12.049,97.1146,3.6787,0
9.1724,161.3283,28304.2222,6.9731,317.4434,368.3269,11.0325,86.907,3.426,0
,211.5957,26372.5861,5.4573,292.8074,393.0078,14.2655,57.6385,4.115,1
,191.4019,26620.315,6.3712,,380.9254,15.6257,103.2186,5.4916,1
10.4694,247.894,24107.5664,5.5662,359.8603,419.0495,20.1219,60.094,2.832,0
6.0964,199.8055,27982.5546,6.7877,327.344,468.4438,14.8966,41.4712,4.1311,0
6.176,203.3723,19820.5919,9.1582,339.8763,339.3306,16.9212,47.7063,4.6549,0
5.8085,163.2497,20210.8674,5.8918,409.5686,248.4098,10.7375,71.456,4.2983,0
,209.0683,10997.6898,6.8875,380.018,401.4544,13.6917,71.433,4.4043,1
7.7013,218.8233,19392.7659,9.0168,336.2215,534.4045,16.7018,59.9695,2.377,0
8.6001,192.8071,18988.5018,8.0364,377.9259,350.7806,18.1317,69.0967,4.113,0
6.7555,220.1147,34700.4617,8.3899,302.4986,479.3434,17.8887,52.341,4.7776,0
,162.2598,11515.1883,7.0269,296.6767,433.7145,16.9495,64.352,5.1294,0
7.5543,189.3544,23531.9961,6.4019,339.8622,333.7967,11.5597,,3.2309,1
8.5178,210.0446,18754.4664,6.502,348.2169,441.1166,17.5174,64.5337,5.1202,0
7.1327,186.2596,21713.3758,6.6028,339.415,365.4214,16.5113,47.9886,2.8564,1
6.8898,237.1469,30698.7382,5.1353,409.014,385.8196,10.778,52.5174,4.1356,1
,217.8208,20752.1786,3.4906,,396.0361,9.8475,60.9934,3.6645,1
9.192,176.2265,13294.7152,6.3675,367.0801,328.4028,12.4324,45.1405,1.713,0
,165.8723,22263.2225,7.5393,,407.0157,14.2337,58.3389,4.9407,1
4.9983,196.2815,29816.9125,6.2977,,543.8225,14.0947,85.5874,5.1688,0
6.2561,172.6272,24182.9513,8.9005,313.4985,452.4799,10.3928,88.4626,4.2255,1
6.8419,183.4667,27539.4261,9.0089,298.1684,532.47,10.6233,,3.8642,1
4.438,159.5026,9569.5011,7.3119,322.8451,337.9648,9.7661,68.055,5.4667,0
8.2162,222.1807,29580.6634,6.6525,326.6579,634.3718,15.6673,87.4897,4.1302,1
5.9566,202.2803,17261.7106,7.8792,,468.5412,18.8519,79.8379,4.1419,0
7.8313,206.5451,10989.9439,6.368,356.674,447.7387,24.5183,67.6375,4.2132,0
7.3703,223.6783,24290.1971,6.8309,297.1678,372.4328,16.3996,61.3066,4.1839,1
6.6266,120.8219,9042.8831,5.8462,270.5348,341.4773,13.2662,102.8434,4.9696,1
9.4769,197.85,23918.4359,6.1386,346.3217,426.9735,15.4312,77.7651,3.9149,0
6.258,188.5657,35373.4309,8.0851,,535.2982,15.5608,45.265,3.8264,0
6.0944,219.1026,16705.8883,6.5229,278.1988,445.8457,12.4064,38.8378,2.9503,1
7.5134,213.318,13829.01,7.955,310.2333,620.1109,14.1159,76.6249,4.8024,0
8.3165,213.9019,31252.3194,7.1776,304.1583,394.9362,11.072,61.2031,3.1558,1
7.0794,239.4751,27247.8899,7.2947,,302.108,17.6997,89.915,4.654,1
5.6382,134.904,29113.3388,7.702,281.5881,383.6496,12.0641,39.7177,3.4081,1
8.0983,161.4718,4907.3291,3.7134,327.4514,529.0036,15.8037,44.4315,3.9842,1
7.9695,236.6981,14239.3499,6.5097,350.0697,520.4887,17.0733,68.7348,4.722,0
10.1318,244.2792,37752.0512,7.6427,,331.9632,9.8227,48.4355,4.9764,0
,169.7539,14398.8832,9.4622,,357.4078,11.4964,86.351,4.0035,0
7.3952,233.6384,17597.594,8.0124,341.6095,518.9198,15.3429,76.337,4.4735,1
6.2478,225.4446,22644.6277,11.1935,385.9063,276.2082,15.1897,88.2095,3.8708,0
4.894,151.4799,23474.0672,9.2386,343.8574,472.2725,11.9931,22.0108,2.9889,0
7.1915,176.6626,19933.1138,7.4245,,345.7574,16.3842,38.4313,2.5943,1
8.3314,207.7361,320.0,5.1805,342.7901,394.8089,18.0794,79.5761,4.4456,0
,194.3233,26333.3958,6.7307,336.8965,380.124,15.2122,44.8225,4.0878,1
,256.1098,11420.773,6.8517,279.0104,487.6519,12.551,83.444,3.8321,0
5.3529,216.6185,29935.0053,7.3384,,529.0653,18.9527,48.9655,1.45,0
9.052,226.3047,32449.0347,7.7957,354.4762,376.9042,12.5417,103.2197,5.0301,0
6.1501,174.9725,11975.1928,5.1184,301.4273,517.0137,12.8253,61.7197,4.276,0
7.933,156.1611,22769.1383,7.9865,361.7052,468.1984,17.8059,65.0384,2.9078,0
5.8093,176.5337,35826.6682,6.7465,,343.974,15.7912,81.9845,2.9178,0
7.1911,243.1329,36589.1648,6.1457,337.0745,359.39,9.3266,74.2679,4.0882,1
6.1609,257.673,30055.9585,5.1647,,447.9228,14.914,63.9288,3.9032,0
3.6292,169.8823,17174.1187,7.5148,288.9205,393.6399,21.5952,119.1544,4.4496,0
7.1945,192.0283,25317.299,6.3716,308.404,388.6038,10.9085,58.9848,5.16,1
7.8559,114.5058,13470.4793,3.64,,494.155,15.3736,44.7735,3.8878,0
4.0168,239.0839,34876.17,7.2809,,452.3223,5.5776,84.9497,3.4692,0
6.8236,155.0404,24853.1549,6.8615,,320.6143,11.6118,70.4714,3.5152,1
6.4442,226.0629,33958.6597,4.5614,,516.8019,14.768,,3.7351,0
,238.9789,320.0,8.1598,398.5267,476.9389,16.3329,58.166,2.755,0
6.7106,152.6533,16808.3005,6.7242,,461.1134,23.1119,71.0259,4.5853,1
4.2287,167.7829,17143.4811,7.7712,323.9164,471.0709,16.7899,85.255,3.8587,0
7.4484,220.2617,18187.1031,5.2122,,308.7767,14.1334,80.5529,2.9011,1
8.8235,241.6438,10765.2212,6.307,344.0385,432.1972,20.5183,,4.0395,0
5.2253,179.2111,25713.9474,7.7311,326.1061,355.8274,13.9225,64.9805,4.3492,0
6.9838,162.031,14043.3104,8.1998,,390.3805,15.3177,61.1613,6.0803,0
9.1752,207.911,37988.921,6.057,319.2204,560.6548,17.8792,78.0396,3.6106,0
7.2599,238.2976,18414.2601,2.9942,,384.3627,15.5224,48.1555,3.9144,0
6.3177,160.0115,17575.4056,7.486,289.1173,544.7728,11.8972,64.0754,2.802,1
5.7415,170.473,15444.3212,6.795,,402.1029,17.9142,74.1467,3.6989,0
,234.8247,26812.8325,9.3243,303.9832,419.7993,13.6548,66.2313,4.6041,1
6.885,203.0843,24637.8345,5.5362,,490.6228,14.3815,71.7227,3.3493,1
8.0084,169.2737,13255.6468,7.8727,296.1264,467.4782,15.6854,95.6229,5.1853,0
,196.5322,320.0,4.8186,364.4163,297.2466,11.8339,83.2629,4.6373,0
8.6633,212.2356,18560.6311,7.5997,370.9821,457.1909,14.6319,42.1388,4.3944,0
6.4867,230.2736,14321.9079,6.5645,336.6588,366.4074,15.9081,88.9924,2.8782,1
8.0246,206.1574,21700.1481,7.4815,299.4506,397.0245,20.5689,83.3302,3.7518,0
6.018,195.967,13986.1762,7.025,310.8144,448.0208,13.0906,49.2745,4.4315,0
5.172,140.9892,24321.041,6.8519,333.492,378.1227,13.705,65.1536,3.2868,0
6.2465,214.1807,11623.3471,9.5952,368.5669,262.3727,17.9884,60.0178,4.6089,0
,213.2751,23932.8324,8.9799,305.5274,419.4287,14.3603,80.6375,3.4678,0
6.5292,203.1401,19625.3536,7.1448,285.0082,408.6898,12.7686,54.1187,4.2987,1
8.0324,197.0099,30054.6068,5.6768,,369.2969,15.4942,63.8435,3.6616,1
8.6658,200.4108,20444.3913,5.8443,325.2099,330.2724,11.5947,81.7921,5.0587,1
7.3793,227.8529,27205.4215,8.8099,346.7879,411.0233,13.0328,56.7456,2.9779,1
,184.0928,19074.347,7.1995,384.8783,424.4946,13.9517,59.4285,4.1892,1
6.4166,156.5088,19898.7236,5.9916,255.2238,391.9293,12.2664,84.4027,3.4166,1
7.9506,226.0548,15673.8071,6.0749,305.1835,504.2093,12.7563,57.0156,4.1841,1
8.7503,183.8566,10360.6856,9.2846,335.6442,408.091,18.7673,115.2844,4.4499,0
6.6051,187.0002,23320.133,7.3279,279.3937,431.4767,8.029,,2.4532,1
6.8955,210.5082,21493.9632,5.7514,308.0846,307.1251,13.9501,36.2291,4.4651,1
,187.9423,35464.615,9.5192,263.4994,399.6562,13.3768,82.7746,4.8168,0
7.384,193.9823,25778.7197,7.7283,,605.8679,18.1354,68.4696,4.1834,0
8.4866,159.3879,37973.7498,4.9426,365.0972,268.7558,15.3622,74.1397,3.406,0
,239.2869,38729.8235,5.1617,397.7547,490.0007,16.1109,79.3985,4.3962,0
,152.0819,24137.775,7.6228,305.1648,440.9756,17.7676,98.6951,4.228,1
6.2705,239.6885,12932.9348,5.9635,326.627,412.8409,16.7854,85.8825,4.3939,0
3.658,154.4844,19862.9793,6.4397,381.2778,412.8401,10.8265,55.2688,4.1729,0
7.5411,172.7434,30773.5715,9.9908,,430.9825,11.7536,85.2395,3.2406,1
6.9484,182.2803,21392.1596,10.2291,354.896,298.319,14.9717,71.1904,4.1882,0
7.6229,225.0865,31492.619,9.9874,354.8082,546.2381,17.4453,48.1351,1.9098,0
5.0719,202.7601,18714.0641,7.894,323.5003,453.5556,13.6526,57.7501,3.9587,0
10.2216,180.9382,22785.2271,7.5738,293.7633,529.2092,13.3035,97.9224,3.7741,0
,155.0264,30051.2016,5.3662,,463.0672,15.9897,55.9695,3.419,1
6.5757,229.0475,27735.0229,5.298,362.6078,480.1459,18.9004,81.8246,3.9636,0
,197.2293,24896.2665,7.3226,331.9079,482.7049,14.7821,64.1204,3.5177,0
8.0389,209.9339,24181.9206,7.4038,361.3304,442.9428,17.4734,76.1106,3.335,1
8.3043,189.9228,27041.3516,8.6767,359.2803,552.825,19.0047,49.2374,3.2218,0
,179.5054,21293.4266,8.4661,343.4239,451.5809,17.1663,62.4564,2.9775,0
4.0347,217.9955,30737.0204,7.9237,353.577,447.7637,15.6943,37.6585,2.7106,0
9.5339,205.8589,16917.5568,8.1561,,371.6096,16.4857,96.451,4.1121,0
6.5695,233.748,48471.3112,7.5819,310.583,406.497,14.4483,71.9555,3.22,0
7.4997,202.6119,24057.9167,9.2507,350.8898,522.5431,23.2055,,5.0703,0
8.4365,149.5883,14740.2372,5.4477,314.6729,385.1293,13.5166,62.704,4.0033,0
6.0329,221.4394,7897.232,10.3171,,491.1413,12.4958,77.1333,3.6926,0
7.5473,197.8879,14116.4989,8.1223,329.7067,427.4754,14.1342,62.2341,3.8517,1
8.2014,188.5473,25485.9806,5.06,286.4402,303.9378,13.7382,46.0054,3.8933,1
7.0185,93.9308,17744.0226,7.6251,372.7739,485.8992,13.2817,43.0922,3.5608,1
,167.7301,32158.0745,9.908,,425.7224,20.3907,74.8045,3.2097,0
4.7193,201.6747,18961.9115,6.2251,324.5094,418.1571,18.8384,77.8347,3.6129,0
5.3276,175.4844,12848.4905,8.0245,352.5219,510.636,11.255,25.1084,5.186,0
5.3892,204.5609,19207.8664,7.0762,316.2712,450.906,14.3392,54.4248,4.5935,0
7.6255,215.8953,17220.8434,9.5074,,339.6002,14.2992,55.7848,4.5148,0
12.582,195.6616,20234.7722,7.5564,302.1127,447.6936,6.6745,65.0001,5.11,0
7.4664,165.299,11884.8608,6.2104,,371.2101,13.1964,77.0265,4.7735,1
6.8626,210.3969,20695.0162,7.9085,,356.1324,14.9305,84.241,3.4027,1
6.9852,208.1762,5446.1659,7.9459,338.9632,556.2885,14.9327,57.8932,4.8036,0
8.5254,188.0593,23117.7589,7.3613,305.7835,247.7665,12.4974,49.9724,4.2072,1
8.1294,133.7499,20751.672,6.3193,320.2961,387.2127,16.1434,53.1444,3.6729,0
5.3942,155.3689,20557.6412,4.9648,354.1914,382.3449,6.6142,88.6683,5.1792,0
,222.4482,14799.4642,7.1261,,488.712,12.1929,63.5239,4.0641,0
,187.5415,21436.5336,4.6285,320.8513,518.6817,19.9163,80.2297,2.6637,0
,136.9192,23671.0153,5.8228,409.1992,365.3115,10.8566,72.9227,4.3817,1
4.1415,190.0185,6675.6467,7.305,296.0753,212.3891,13.2061,101.4991,2.8085,0
4.7946,197.4995,30493.9652,8.8799,311.1645,574.8215,21.0863,40.7015,3.3403,0
7.9574,217.0414,20593.8377,8.5917,285.4299,358.0189,12.8354,59.545,3.3592,1
4.433,210.2583,26189.9316,4.4173,258.778,403.3495,11.3665,58.0034,4.5296,0
7.653,208.3798,35305.7977,8.7185,,397.8209,18.9725,,4.8613,0
7.5771,170.534,11116.4896,3.9119,344.6564,396.1089,17.5325,62.0053,3.9325,0
,140.6539,13236.0296,7.5218,299.1048,437.1133,19.3068,77.0507,2.7767,1
7.6026,175.5147,13536.1892,7.3408,284.4203,347.644,14.7576,27.7116,3.5729,1
7.4703,240.9695,22339.9187,8.5795,353.6912,469.5118,14.6416,61.3533,3.3261,1
7.7377,145.9068,13162.4825,7.4594,301.1127,488.3896,7.9105,82.0813,3.8786,1
6.4828,225.2233,14367.768,8.8464,403.6284,364.8641,13.1314,82.3825,3.7925,1
7.0478,146.2685,37286.8292,6.2313,389.2628,356.8934,19.3342,59.0664,4.3996,1
11.3862,152.7522,19816.3016,7.0003,350.1603,514.1425,16.9907,50.4618,4.5484,0
8.7512,199.0625,25613.1806,8.5672,323.7848,539.402,13.0438,58.1569,4.2092,0
7.9799,168.66,30866.1684,6.3503,356.0841,474.7253,13.2739,63.2654,4.0642,0
7.6567,187.5158,34850.2052,6.3283,,492.4481,20.8761,93.4819,2.723,1
6.0105,157.4937,9502.9901,7.2986,,262.4327,15.4291,57.4765,5.0861,0
7.4134,199.8115,25470.4117,4.7509,394.3047,446.0884,14.2184,74.1195,3.389,1
,223.5862,28816.5814,6.8163,270.8477,440.2093,17.0613,85.9106,2.881,1
8.4707,147.2198,31868.2514,5.5773,318.86,419.9834,16.3047,61.5916,3.3367,0
5.7348,213.3678,16223.3904,9.5036,364.3342,498.9739,13.5223,48.1352,2.3746,0
3.6063,207.7655,18318.4245,9.1696,333.5066,510.8838,9.0919,57.8211,4.5089,0
6.2562,221.2662,23757.2746,8.2991,318.8221,426.8312,17.9786,68.9122,3.71,0
8.1042,120.3097,22525.2979,10.6418,389.1983,408.5085,14.6261,,4.9186,0
10.6945,224.8771,19259.4303,7.519,344.5707,547.4737,9.2957,60.2363,4.8526,0
8.5873,157.2115,16731.76,6.6119,,390.0866,21.7499,81.4864,5.297,0
5.6415,186.9685,21024.4149,7.7319,,379.3477,17.6102,44.921,3.0392,0
6.758,180.5755,19597.4318,7.6824,,501.5716,10.4994,58.7024,4.125,1
5.6821,161.6454,24276.5549,6.7461,283.7672,416.4661,16.5895,63.6894,4.4209,0
,166.683,16602.5648,7.7624,,566.8187,12.4768,65.6702,3.7915,1
5.761,171.1277,13116.8662,5.2906,,561.4015,13.4066,50.3824,4.3929,0
4.6633,200.7212,18084.3625,5.6518,,507.1843,12.7782,67.802,4.1442,0
7.7335,219.0462,20213.4266,7.6286,374.2668,446.3077,13.7888,63.363,3.4599,1
7.3676,185.2695,31430.9673,5.2511,,439.0751,13.2316,58.7598,3.9613,1
6.829,220.8639,18610.7575,8.9443,379.1261,398.0968,22.6554,67.3724,4.0341,0
7.589,199.9695,3631.321,7.8656,305.6279,603.4952,19.4227,75.7032,2.2654,0
10.069,232.772,41437.5551,6.2416,279.1639,451.3437,8.7841,77.1672,4.1861,0
7.2521,151.3831,32738.0752,8.9398,343.6732,465.8927,17.975,61.3068,3.0765,1
6.5237,199.7563,27306.99,7.5692,347.7661,450.5511,13.5346,,3.2371,1
8.3533,193.5391,26347.8142,9.8001,310.2784,431.0936,12.5736,107.144,4.0743,0
,199.4083,22491.2889,6.8686,337.0471,325.2529,12.9403,80.0295,3.9341,0
8.1878,206.4803,37583.0998,6.3472,349.7323,467.3876,16.9955,91.1984,4.9213,0
5.9414,221.4711,11436.188,7.8853,352.446,510.8263,10.7012,59.1068,4.1707,1
5.8795,199.6842,28767.546,5.5704,,340.665,17.7732,83.5646,2.4891,0
7.2416,211.9812,28856.6478,8.8148,306.8527,267.7056,14.5539,79.6145,3.6775,1
9.5384,185.534,43150.2755,7.783,451.5003,387.0666,19.6554,52.1124,4.1931,0
5.9842,190.072,21428.686,2.0699,,415.7759,14.9202,66.1638,3.1087,0
8.4802,174.249,35741.901,7.1297,,473.5906,17.9397,62.9841,4.5904,0
7.6354,230.1932,26064.3543,7.4865,348.3568,371.7391,4.2512,60.8107,3.7033,0
5.0354,220.6376,13483.5114,5.2335,,459.5642,14.6839,52.9838,4.2456,0
8.4269,236.9727,12488.8846,6.6826,361.2503,356.8077,14.8606,,3.0636,1
5.8655,179.5632,32844.5097,6.6376,,272.5632,11.5554,67.1726,3.9079,1
,189.0611,11805.2803,4.0305,320.8511,517.1267,16.8244,,3.923,0
5.9166,275.9708,19684.578,7.5722,352.7287,425.7824,20.6062,40.3417,4.4102,0
6.0112,230.1965,37070.5707,7.0723,,383.8933,10.3459,78.212,5.2191,0
,147.3035,13872.491,6.0791,384.8958,366.4179,10.3351,56.6395,2.7769,1
6.0041,219.023,27315.6734,6.499,340.7732,476.4605,16.6079,83.0637,4.8573,0
,206.2326,39488.4174,7.2211,,318.7002,13.248,69.0967,4.2707,0
,183.7067,35956.4642,8.8648,416.4579,442.7324,20.5237,,5.0127,0
6.0237,185.7517,29311.2159,7.8693,292.3215,523.3394,15.1758,49.0602,4.6145,1
5.8533,166.9906,15850.6102,6.7411,335.36,392.5441,17.9114,63.3105,4.4271,0
7.4149,177.5916,38423.1754,6.5785,,487.2285,9.5022,33.754,4.8597,1
4.0964,169.5474,26783.1488,6.3633,,546.3988,15.0898,62.0597,3.5741,0
3.8802,156.5601,22836.9994,8.6593,390.7466,613.2885,13.6009,64.4121,2.5594,0
5.7793,182.2428,12736.5697,7.716,357.1311,510.3734,16.5993,58.9757,3.3198,0
8.0056,165.8585,3176.5993,6.3357,,352.5627,17.7415,67.0538,3.5078,1
7.3434,218.2911,25759.1527,9.2776,387.4417,316.8958,12.7833,65.0198,4.6615,1
7.1119,228.7857,18290.6058,8.4236,346.1741,411.0957,11.0251,78.2071,3.5126,1
6.7655,189.7707,7217.729,5.8398,278.7656,585.2729,10.0027,69.5615,3.2597,1
3.879,183.7129,30282.8166,7.994,,414.0086,18.5543,89.7411,4.3975,0
6.602,215.7286,24504.308,7.4711,362.7036,504.5137,11.5879,57.4266,4.2157,1
4.4706,190.9116,16942.8616,7.7689,344.8889,473.8668,17.5586,73.0849,4.0759,0
8.3075,260.9733,18690.4393,8.2965,347.675,602.756,13.2107,79.1904,4.0981,0
7.0671,108.1346,27240.7942,6.6443,314.4892,429.8285,15.4045,67.6843,3.489,1
,118.0577,26930.1464,6.3581,,415.9721,13.151,70.9746,5.158,1
,158.6769,14350.8751,5.4376,362.4563,378.414,14.9089,90.3337,3.0973,1
7.5545,210.4867,30422.8214,7.6406,,455.9738,11.2582,73.7729,5.0148,1
7.4217,220.4399,20634.1195,7.0429,367.6911,467.2649,10.5859,66.7303,2.9566,1
7.5914,179.3677,13458.4858,4.4347,319.7885,444.6176,18.6866,77.8266,4.4335,0
6.214,195.4742,21217.1465,7.2257,316.1081,486.0591,16.0342,48.3778,3.3755,1
5.1169,185.4213,22655.8344,7.7833,294.7689,452.8928,9.5547,65.9744,3.3697,0
7.5819,211.0521,32658.0089,7.4364,315.2425,396.2647,12.3823,55.0872,3.4251,1
9.2061,261.4435,28361.7622,6.7208,340.5091,427.4024,13.9997,78.5324,3.6114,0
8.5669,120.4431,2546.2258,8.3261,338.9166,407.2447,12.4978,59.7528,5.2896,0
6.7651,268.1131,11504.8625,6.2882,343.2482,457.361,16.0534,76.211,3.0567,1
7.9799,229.8455,29328.4324,4.8241,361.3968,439.5893,17.5047,63.4828,3.9233,1
6.4331,184.9846,24782.1856,9.5368,320.069,579.2409,16.5923,73.9202,4.4977,0
7.6452,211.455,13866.4326,4.9029,337.0214,449.7925,9.5481,82.4958,4.0761,1
6.1865,194.4266,17839.368,7.6296,311.1288,357.8892,7.2286,39.3972,2.6405,1
7.2865,210.9713,36570.9261,9.9599,371.3916,411.9456,14.3424,85.473,3.3673,0
10.0238,210.9364,1421.0811,6.4326,,300.8587,15.2256,48.194,4.9973,0
8.2155,220.9013,33323.5479,9.094,358.9183,414.8714,15.3962,69.7597,2.5175,0
9.2829,162.3402,31801.6434,6.8407,403.1048,462.099,13.389,79.6584,3.1664,0
5.943,215.4521,17049.6012,6.7752,314.6371,391.7912,11.2836,76.7702,3.3154,1
6.0714,173.7341,19938.5179,4.4191,308.1718,536.2656,12.7227,104.9177,5.0717,0
,185.6062,25550.8967,8.225,333.8901,443.1596,12.3457,56.3262,4.2277,1
7.8984,221.5457,23052.6844,6.1921,431.5437,372.9861,17.2562,69.8577,4.2176,0
6.7734,180.8963,26064.1188,8.3845,361.2298,496.7561,14.2827,62.9875,3.937,1
8.5696,205.4066,32874.8619,5.8133,357.9471,486.6134,15.1025,44.4554,3.0561,0
6.2707,206.1537,16750.993,7.3929,339.3291,418.9804,13.0951,72.3702,4.571,1
9.0794,198.8851,22324.8587,7.4293,,462.815,17.0607,33.1332,4.0838,0
8.5035,155.4163,26372.8819,9.2908,,359.4433,18.1586,77.6686,3.3503,0
5.4398,211.6191,18511.6184,8.4965,389.1124,519.5939,12.4643,51.1667,4.7019,0
7.937,201.6372,22049.4545,5.3697,370.4821,304.1759,11.966,83.1817,3.4906,1
6.7507,269.052,35184.2141,8.6683,400.3141,405.3522,13.734,48.2508,2.8884,1
8.5776,161.4388,4316.39,7.0063,269.5753,334.3238,14.6483,72.542,4.3075,0
,230.4784,24852.3387,6.1122,,423.728,16.837,78.8286,3.5953,1
7.5373,181.893,17604.2522,6.4688,,288.9084,13.6207,99.2943,3.4826,1
7.8822,185.8673,12306.101,8.706,283.0588,446.4491,13.9685,66.6386,4.4869,1
3.0318,252.1716,20313.289,4.6747,,427.2559,21.1591,35.7936,3.1321,0
4.316,191.4736,25615.781,6.4145,379.5203,324.8316,19.0653,88.8611,3.4158,0
7.268,222.2827,29576.5572,5.4636,,456.0451,24.103,96.1203,4.9943,0
,200.1826,15632.6073,7.2006,,291.3604,12.1253,49.7191,4.9746,1
8.5731,166.2396,28052.4471,6.7372,,384.1234,15.0749,80.7156,5.5606,0
7.4122,188.8108,35137.3097,5.3383,390.952,430.3661,13.2622,61.9554,5.0883,1
5.2118,181.6178,23963.9558,6.7803,317.166,397.9903,14.1142,46.5544,3.3325,0
7.5626,188.6602,28700.7071,6.8453,,476.428,9.925,81.7798,3.6118,1
,257.454,26484.5735,6.5974,,318.5975,9.454,77.8279,4.0364,1
6.7425,211.4711,28196.9824,7.3087,,295.7808,14.1167,93.7678,4.8767,1
6.3317,139.0268,14034.9925,8.9733,350.8414,539.5293,13.3309,62.5073,3.7779,1
,258.0205,33098.0933,7.1242,,314.872,12.7127,50.1034,4.3631,1
4.9899,208.545,26453.6953,7.2203,328.9298,560.7281,14.2989,58.3225,5.7776,0
5.4332,225.6741,38520.9738,8.1206,349.9083,473.7779,10.1479,33.1887,3.8201,0
3.8103,247.6607,29623.4572,6.7731,413.1325,496.3332,11.6216,65.7217,3.4758,0
10.2316,169.1194,14744.5024,6.7805,309.147,415.501,15.2863,59.4038,3.6961,0
5.6116,207.1821,32723.5247,6.1905,381.6751,352.8749,14.7995,75.0825,3.4616,0
,191.5111,34562.7845,6.0866,354.203,421.1754,12.4009,84.166,4.4445,0
5.3823,184.7592,31784.0067,5.9834,358.2739,430.1989,25.5437,77.4592,2.4898,0
6.1327,186.2986,19887.3521,7.3761,370.126,382.6907,20.3348,78.1511,5.0477,0
6.4353,199.7191,18863.557,3.4133,378.3657,333.8361,15.3432,85.5727,3.2939,1
7.9833,234.782,34378.0449,6.3564,334.8721,472.4158,11.3486,104.762,4.4061,1
7.3386,221.9582,15703.9236,7.3744,329.0594,373.0762,8.2865,,3.9741,1
7.5625,205.9145,30211.3456,8.6833,315.3344,486.9728,11.729,48.8712,4.3054,1
6.2111,236.015,23704.5497,9.3659,,457.324,16.2447,61.7134,3.3426,0
6.9723,120.1584,16732.9504,4.6808,390.5961,546.3906,11.2745,71.3137,5.3614,0
8.8697,197.6884,19256.8112,6.0275,387.1972,501.0978,17.5072,53.836,4.4281,0
7.0463,208.2245,17824.7801,6.8905,358.3495,244.5093,14.7426,,4.2703,1
7.5293,206.8752,26985.5085,4.3414,345.0194,458.4961,13.7877,42.4967,3.5563,1
4.0961,243.2076,16690.0089,5.949,316.612,435.8135,13.1177,73.6467,4.415,0
7.8392,202.2687,21797.1476,7.2708,360.5262,623.7646,14.2398,70.2501,4.3731,1
7.459,241.8153,20442.1347,6.6571,327.0953,410.4663,8.523,57.2636,2.6351,1
8.9727,190.8499,25950.867,4.1734,315.1452,404.7826,11.1379,86.3082,3.655,0
3.0334,219.4512,31404.7202,8.1869,311.9038,404.1791,16.2328,34.9027,3.8554,0
,200.2566,9515.3526,5.6402,290.7961,417.1656,12.438,69.6633,4.1658,1
6.8908,188.5363,26166.8048,7.0939,351.9559,374.3961,11.7027,73.6318,4.0517,1
7.192,213.8339,16409.5281,4.4246,338.9981,570.5114,11.1763,86.9331,4.7097,1
,215.6605,20745.1274,6.9295,,458.2831,17.3323,84.4684,5.9505,0
,167.3347,21330.311,8.4082,331.5287,471.987,16.1489,,5.3747,1
,227.9802,36297.2569,8.5166,446.429,530.8487,11.996,,3.9806,1
7.1245,188.203,35802.9373,8.4295,353.7604,320.5761,19.6998,46.5939,4.7739,0
6.6261,200.0835,20406.1736,7.8513,325.4583,556.0177,14.5611,75.4937,4.4687,1
6.7435,108.4113,20398.2489,5.6662,372.4287,403.3165,16.961,,4.1822,1
6.4849,195.9777,35188.4757,4.8671,327.3151,458.462,14.6237,65.7078,4.1415,0
,133.8677,27007.5092,9.2447,387.7772,384.2859,14.947,89.5423,2.8093,1
5.998,225.2298,38969.4402,5.0935,,376.4134,13.1184,54.0672,4.566,0
4.1253,171.1509,16409.1443,5.6299,291.3451,390.6487,11.9533,76.9499,5.2259,0
,182.2914,32556.6609,8.195,,463.6577,12.3289,,4.6219,0
4.4659,191.0064,18206.1659,7.2027,,465.9434,12.9952,83.1895,3.5809,0
6.8727,153.0199,320.0,9.0982,358.0788,445.3673,12.0517,109.4319,4.5728,0
5.1269,197.7066,29161.3675,6.378,318.8245,517.7308,15.5695,108.7343,2.9042,0
6.6224,156.4688,14177.5791,8.7338,315.6141,396.8005,10.1831,89.0755,3.4616,1
5.6231,189.8612,28781.0606,11.5648,328.05,319.6128,14.2133,73.8093,3.8033,0
,225.0224,19863.1716,6.129,353.1199,351.8612,9.9299,67.332,4.1184,1
5.8029,238.9982,33466.732,7.0067,,398.4815,22.2306,67.8501,2.6187,0
5.1316,243.9677,10523.5992,6.214,272.3008,513.305,13.3925,74.2484,5.3481,0
7.4909,189.3178,8727.2052,6.822,,490.6053,13.8857,103.2506,2.4469,1
8.9964,165.2385,35627.837,6.3655,364.8852,497.3954,18.0351,46.102,3.5969,0
7.5428,212.7812,32068.1333,8.233,,476.4888,13.4159,60.8734,5.052,0
7.1929,248.1627,23403.611,8.5268,289.2544,370.602,12.0433,44.515,4.1885,1
5.4838,167.9134,8228.7787,7.4715,328.3824,386.6329,15.0898,63.6001,4.4993,0
,241.4151,29968.0663,8.3868,,266.6082,17.3264,57.4708,4.4633,0
7.6846,192.2426,44042.6206,5.5799,337.1789,437.6123,16.8498,67.6847,5.6781,0
6.0699,109.7768,19255.4623,7.7875,,367.7566,17.474,49.8648,3.3525,1
8.3486,198.9873,18957.3757,6.2124,373.2006,445.4335,14.006,62.7562,3.8492,0
6.965,258.6003,15054.2632,8.7988,317.609,450.0954,17.427,57.3377,3.8463,1
7.5434,220.4292,26383.887,7.692,232.6172,376.1728,12.1498,46.1287,2.6884,1
,231.8819,21719.6078,4.1309,,589.4103,16.7067,68.048,4.9216,0
6.3017,209.9363,8896.1675,7.0963,,401.3503,16.6363,91.4022,5.0357,0
7.3445,141.3036,15985.063,5.0834,379.2411,351.4339,21.2783,41.4406,4.5826,1
,119.0592,30678.9079,6.6409,264.7299,528.4367,11.8076,25.5148,2.6315,1
7.5288,161.6902,12366.4283,8.7038,316.8956,370.608,20.0973,70.9588,4.2966,0
5.5218,184.0281,24491.7765,10.297,279.6337,571.1545,16.8414,60.7898,4.8671,0
5.937,163.4752,31255.4948,7.838,357.7159,491.7339,13.8813,64.3943,3.3732,0
6.9838,170.0717,28858.2013,7.8906,289.8899,323.1222,14.4264,68.3117,4.3329,0
4.2839,222.3542,6561.4425,7.9515,287.3661,410.2762,19.3249,52.3789,4.3995,0
8.5484,244.8177,27271.7539,6.7815,306.225,509.8974,11.8658,53.442,4.281,0
7.4767,140.8666,12398.4346,4.1875,303.1964,476.9446,15.7768,67.2866,4.7326,0
,161.4969,4460.6977,8.4454,,500.5204,21.0876,41.4271,3.701,0
5.9606,193.3567,24765.1472,7.4925,318.1319,483.405,10.2321,51.375,3.6892,0
8.2152,189.9334,7800.8105,7.1533,318.9723,471.4917,11.564,57.1996,3.9273,1
6.6069,118.982,19970.9457,7.6312,338.4563,401.1497,10.6368,72.598,2.7447,1
9.8005,293.5346,32918.5867,7.8707,340.6917,404.8389,15.7165,,4.106,0
7.5849,219.8774,26906.0416,7.3348,340.7035,454.7694,8.2345,62.0218,4.1101,1
4.8145,208.4748,20837.5988,8.7279,,487.9315,20.776,54.4421,3.4311,0
8.0756,133.0782,30190.1599,7.084,319.7861,488.1343,16.0136,73.4215,3.8142,1
6.23,206.3691,22526.9647,8.9236,,366.8585,19.0646,45.4411,3.7589,0
6.2396,157.829,29016.066,6.6348,334.8073,388.6804,14.0867,50.5455,4.0091,1
6.6496,213.4286,31876.8747,6.5617,331.8462,615.7866,13.9704,59.7723,4.1528,1
6.8122,206.3214,13197.1237,5.4889,385.6071,483.1972,10.3992,65.2769,3.4669,1
7.3739,197.984,36487.5562,5.8672,287.9994,404.734,15.3631,63.6823,5.2181,0
,210.8162,20759.8069,3.2596,286.2185,331.5636,14.2184,36.3853,4.2267,0
7.6695,177.3644,22510.4355,5.1897,334.9017,439.8245,15.4532,68.9071,4.2231,1
5.936,202.3814,23579.5304,6.7289,342.7385,462.9272,8.3662,71.7219,3.5712,1
5.0138,117.1769,19480.0423,8.56,,403.9003,11.8742,54.2848,4.0,0
5.8134,220.6975,18050.4643,5.7737,,339.1694,14.8734,88.2424,4.1662,0
7.5283,190.4583,26619.8568,6.5957,351.4217,543.1434,14.074,56.7011,4.5984,1
8.2738,280.277,16580.3273,6.8514,413.6298,406.7257,13.463,66.0183,3.2997,1
9.6431,200.059,26073.9495,7.0458,,457.5713,14.6608,65.1948,5.121,0
5.0172,119.0213,28381.2205,4.0977,304.9998,459.1612,9.4974,71.0451,3.294,0
7.113,247.1834,16874.227,6.293,352.1728,388.696,15.6202,50.568,5.357,1
6.6593,172.3231,19033.934,10.416,302.3817,487.0487,12.096,67.6436,3.3107,1
6.4042,159.2293,26530.6315,8.609,340.9991,375.2588,18.8998,53.5419,3.5315,1
7.1978,195.0531,21622.6705,6.0981,315.7754,374.8413,14.5369,49.7763,3.5083,1
6.6299,239.0031,27406.6875,7.4301,316.2661,575.2066,17.7388,85.4486,4.4204,0
,260.8308,21365.4037,8.6493,300.0877,438.4146,13.8367,43.9554,4.1886,1
6.0431,183.7179,18972.8979,6.8009,336.4131,454.8839,15.3162,59.7729,5.0839,1
7.5755,203.7082,19943.8252,8.0666,350.5504,365.0561,12.9536,39.3796,3.967,1
8.545,204.0098,24611.3324,7.3673,,488.0744,12.7305,54.3794,4.9228,0
9.3947,174.9331,32152.9296,5.8703,342.2559,463.4605,10.7659,51.0414,3.5529,0
6.2205,179.7713,7130.7392,7.2439,331.6465,434.8579,14.0238,89.7328,4.0363,1
5.4438,191.7704,17636.4764,5.3184,347.6602,485.326,17.6139,54.1299,3.1351,0
6.6075,194.4984,18451.4273,7.0293,,461.3378,15.4959,44.376,5.9682,0
5.7655,231.6575,14881.5931,7.6419,,335.337,12.0523,28.2546,4.0143,0
8.5063,132.6383,17706.0643,6.2903,275.8066,420.6641,13.4287,62.1676,3.5648,1
,212.217,32113.3244,7.8686,327.4885,379.0918,13.7985,58.9914,3.7951,0
7.1021,208.8448,30759.9369,7.5023,321.9298,346.7207,9.7539,67.6251,4.0197,1
5.018,241.887,16625.4235,7.2031,376.0906,472.6717,13.3023,55.9793,3.5044,0
6.479,183.675,9239.061,6.4105,,249.4082,12.0006,55.3665,3.4882,1
7.2742,184.057,25496.257,5.8798,391.5913,456.5026,22.6564,52.8862,4.008,1
9.241,199.8482,26063.9264,7.3704,,407.1575,12.7509,30.6011,2.6324,0
5.9744,177.6798,11543.9083,7.3558,372.0726,536.4033,16.726,96.0361,2.8614,0
7.5359,176.6669,23633.6131,8.6539,,494.3093,12.4355,60.5676,4.6305,0
3.9374,174.2539,25593.2516,4.344,365.6152,486.2229,12.6095,69.6963,4.2734,0
5.2171,174.3417,27659.3961,7.5746,398.4763,464.6772,13.9969,76.0193,4.066,0
5.7941,162.3425,17485.4965,6.6672,377.6854,285.4025,13.6976,89.2415,3.1786,1
6.2578,176.1508,26285.2061,6.4419,336.819,386.7781,9.355,64.2597,4.521,1
,170.358,20459.9525,5.2139,389.7747,341.7016,9.9232,21.7332,4.6873,1
7.9189,171.8507,29327.3106,10.5994,356.4499,435.003,16.731,86.5392,4.4346,0
4.6253,151.8719,24083.951,8.2059,282.7151,450.3539,10.9498,60.1963,5.1211,0
,227.4442,27369.0234,7.2088,366.3232,396.1929,17.6267,50.6591,4.1181,1
,206.2943,22017.9813,7.8917,298.7753,372.1148,11.7485,76.6352,4.3543,0
9.6862,194.3365,19681.9751,4.6634,329.5963,433.6981,14.1219,39.3876,4.0546,0
7.4484,160.2169,23926.1798,6.9466,,397.464,9.7736,62.0224,3.5732,1
7.2122,217.1496,29424.4853,7.4657,312.9956,387.1071,13.226,63.2852,4.0349,1
6.7273,188.0057,18655.8618,7.0903,365.7429,605.5089,7.2633,75.2304,4.5821,1
6.9382,192.4444,25017.5209,5.0248,325.7811,390.5227,18.2141,55.6788,3.5333,1
6.9904,198.9564,43187.4433,6.5927,266.0135,372.2012,20.013,46.3304,3.6265,0
5.9709,192.1772,16288.4792,9.7332,292.9429,426.9071,15.6743,48.9465,4.5728,0
,228.4458,10396.4595,8.6462,389.1869,424.3055,10.6923,67.4021,3.8794,0
7.3829,169.7812,13635.6903,7.7674,326.1996,496.0034,15.6997,46.4325,4.4812,0
,174.1896,19407.6848,8.0873,364.0429,581.9671,11.5166,67.8006,3.4147,1
6.8963,200.8659,21914.0361,11.2038,412.6598,330.9771,10.2413,85.4223,3.9624,0
7.9857,189.2631,2477.7294,7.9703,,570.4347,15.666,62.0449,3.723,1
5.8732,214.069,4656.7958,6.2728,,459.1649,15.3166,,3.8823,0
12.2251,226.2667,28701.4548,4.5649,,384.4561,9.6078,45.3044,3.4261,0
5.9422,241.4756,9679.8747,7.3278,,359.8268,17.0908,90.598,5.0422,0
6.3308,227.5823,27831.7322,7.1211,355.3115,538.8286,15.8379,112.1551,4.1346,1
8.4007,186.8391,32550.3977,4.1736,,311.0743,11.3056,81.511,3.7125,0
8.7985,190.6593,320.0,6.4183,366.3228,366.8508,14.1862,98.7439,5.0328,0
5.8163,183.8273,26732.0933,6.9893,359.9398,534.4297,10.9285,50.1801,3.351,1
4.5417,234.1252,22237.9049,6.5531,326.2756,247.9283,15.3102,64.5345,3.5759,0
4.9307,188.6121,18971.3201,3.6372,300.203,365.9661,17.6272,54.8521,4.5382,0
5.5254,168.0581,25265.155,5.2269,397.4299,527.3302,18.7378,88.6635,4.2455,0
,161.8681,21414.2228,5.1611,371.8529,437.4992,15.0365,,4.2181,0
6.7433,220.858,26610.2392,8.9758,272.8049,397.1244,11.5836,75.6011,4.3537,1
8.4987,167.4448,37899.4071,6.7603,304.6264,483.6374,13.0578,43.3793,4.1515,0
8.5723,109.0961,24576.5938,5.3667,372.3949,275.5619,19.2653,58.5952,3.4033,0
6.0864,219.6189,11342.6743,8.0528,362.3112,334.5715,12.9657,68.7529,5.1197,0
7.7773,207.2623,34054.3863,4.312,324.9117,470.9284,15.6355,62.1805,5.0465,0
8.2803,221.5107,31688.466,6.3371,329.6424,379.0669,15.4524,66.3702,4.7527,0
9.0478,228.854,34529.9286,7.8508,330.4019,269.7014,15.6459,70.2299,3.4106,0
6.7494,213.1865,25315.6657,5.5367,354.5898,609.2734,12.0791,83.8852,3.5959,1
5.8906,209.2505,29701.3094,5.4812,325.8182,417.6204,12.0023,60.9552,4.9569,0
8.0843,198.152,39108.4805,4.3751,,485.1554,11.8614,,3.5277,1
9.2096,170.5583,21396.5538,5.7174,293.6979,462.6292,14.0065,60.3307,3.7552,0
6.2115,126.812,16632.8577,8.2123,,427.8283,13.0346,,3.9113,1
,131.8529,34576.2737,7.5615,302.3189,375.2074,16.0402,63.3995,3.7107,0
9.5087,208.7816,19045.8954,8.5434,327.1064,419.9183,13.4856,63.9557,4.0988,0
6.5958,222.8737,32018.402,6.0758,336.5956,263.1623,8.6499,,2.4099,0
4.6763,197.5778,17432.5972,10.9157,323.5954,354.4566,11.9688,72.5739,3.4164,0
,171.3511,17941.7571,4.3587,286.5403,502.0762,14.0168,82.5195,2.4937,0
6.4641,217.526,24670.0607,5.4504,,405.2553,15.7466,72.6592,3.9063,1
7.7629,195.6828,24856.67,3.5079,,389.1097,11.8417,67.2311,4.3317,0
,196.8808,15466.9878,7.6912,,431.624,11.0489,51.5264,3.4173,0
10.5548,184.6443,36234.8706,7.3734,344.4204,461.6956,15.0837,66.8841,4.1457,0
10.4217,158.049,18427.4451,10.3112,433.7307,491.0995,13.6733,91.5066,4.3373,0
5.9173,163.4378,28229.067,6.2327,306.6625,414.5383,19.6519,67.5343,4.5048,0
,209.2429,14251.8639,6.3267,306.3671,372.5312,13.17,87.971,4.0474,0
6.7313,250.0539,16894.927,1.7093,340.833,336.4838,16.3035,57.625,4.2011,0
7.6031,254.5689,17223.8145,3.367,310.9636,386.7955,12.5596,82.7168,5.1201,1
8.9585,190.657,23542.0271,7.0148,288.2866,301.8206,10.5117,93.5789,3.9862,0
8.0254,211.4999,23548.5986,5.8132,331.0591,441.5311,15.0524,66.0359,4.6765,1
6.682,193.8198,24027.4044,7.7974,311.3772,382.5392,13.7087,46.6724,3.7932,1
4.0849,201.7347,22321.0914,5.3541,312.1585,465.7999,16.8171,68.2374,3.4628,0
7.7283,210.3691,30162.5771,7.4433,363.8683,408.3387,15.8461,63.9634,3.8234,1
,226.545,30059.4646,7.2394,343.315,375.0412,7.7085,36.3953,5.5634,0
6.5211,159.2451,18422.4366,4.3018,353.2121,366.2228,14.6288,61.4178,2.3154,1
7.3809,254.9977,23420.2989,7.9355,385.2321,464.9725,12.6562,56.1518,4.2948,1
7.2755,192.6719,26151.9736,8.7399,354.8701,353.9497,13.5606,87.0241,3.2716,1
,164.6119,28439.4582,7.1225,,421.6322,13.3017,63.4292,3.1546,1
5.2764,272.9237,26649.8123,8.1878,334.0181,544.6133,10.1771,84.7754,3.0019,0
7.4787,167.5455,19317.9906,7.9676,366.2512,527.3212,17.7712,59.1797,4.0917,1
4.8907,195.6504,19418.2151,6.5841,394.6951,431.816,5.5602,69.5724,4.2217,0
9.0356,172.7592,22847.6175,8.0459,315.9843,447.1684,13.7911,29.7707,3.5108,0
5.654,235.7414,26488.715,9.8593,346.2355,469.57,10.9735,50.2613,5.0878,0
7.6985,108.7262,13076.7697,5.3235,292.9311,467.9797,9.4066,76.9041,2.6527,1
5.9002,207.9672,13657.4292,7.6015,325.3798,399.0638,9.064,46.1678,4.6733,0
7.5311,144.5768,18760.5466,6.3596,,363.1498,11.6915,105.8272,3.5241,1
6.6634,248.0798,22973.7026,6.9611,357.4923,298.4514,9.5409,,3.8591,1
7.7562,265.9122,16567.3589,6.412,,527.1454,12.9097,73.2007,4.2487,1
5.8104,225.2179,18469.4863,6.4034,,521.0993,13.2969,58.1565,3.9822,1
,171.231,15226.8838,7.1804,396.7278,552.5668,12.4998,52.8975,3.6407,0
6.5589,235.2251,26612.3502,6.1333,368.533,421.4378,6.5999,41.4219,2.6329,0
6.4553,269.1143,4997.7149,7.5074,422.8502,496.1876,14.3853,48.5856,3.7469,0
4.7605,205.2353,22088.4525,3.75,300.5525,510.1685,14.6448,47.1984,3.9118,0
5.9569,184.6213,16420.8767,8.3355,262.652,480.0383,12.2358,77.8862,2.0073,0
4.511,245.2301,22382.2865,6.0649,317.9806,543.8603,15.1321,65.94,4.2064,0
7.1392,153.1001,23768.2837,5.9757,,446.0079,14.6925,51.2573,5.0338,1
6.4209,187.286,320.0,8.7207,298.7921,371.7081,10.6418,61.2552,2.8549,0
,195.1294,31786.7629,8.237,315.8027,573.1546,17.5596,46.2349,4.8991,0
10.7962,200.9447,28391.3796,8.0325,357.589,331.153,14.6029,57.6237,3.4756,0
7.2031,233.2663,35754.1933,7.9867,,484.0885,16.2334,71.1133,4.0019,1
7.5196,191.9659,28898.6962,7.4018,324.2147,398.6984,13.5458,,3.3822,1
7.8923,160.4509,30020.9501,5.5146,370.6435,508.175,17.4387,54.412,2.503,0
,150.6318,26879.6412,7.9677,334.8986,363.7947,14.8041,52.11,2.6108,1
6.1013,192.0157,35890.388,7.6859,,411.649,12.7773,61.944,5.2047,0
8.2609,212.1262,10664.1817,8.0123,392.9441,367.4978,8.8703,98.1796,3.2946,0
,228.5397,21316.0705,6.7527,,511.0323,12.4102,80.8318,5.529,1
,217.2061,14235.1661,6.7189,,376.9243,10.5962,79.7628,3.3179,0
6.7312,151.4005,29739.475,5.9039,344.2055,319.9276,10.4694,51.7042,3.7295,1
6.47,215.5374,24411.5165,9.2085,301.4745,347.5756,16.0597,63.1015,4.4799,0
6.1391,174.9759,36221.1129,5.9069,372.0944,415.8705,18.1071,69.7833,3.1126,0
,239.6355,23415.8457,7.8841,432.3012,420.7263,16.2083,56.4426,4.6982,0
6.1821,186.7872,20672.4133,6.3241,338.3033,337.354,17.26,73.7358,4.6949,1
8.2372,187.5495,20689.512,5.253,376.1776,559.2856,11.1958,80.5053,4.9614,0
6.169,178.4738,15738.266,6.6473,393.0233,275.0233,17.1176,33.0222,3.9687,1
6.3675,229.1303,4614.439,4.8117,348.7287,401.2019,10.663,76.5036,4.2898,1
8.0374,193.2166,21889.8265,6.5419,,370.4774,10.066,61.4172,3.2103,1
,287.4015,18437.4444,6.9673,,381.8373,12.4285,70.1288,5.2128,0
,235.3041,18312.1965,5.6771,288.1523,411.4824,12.1133,43.4032,4.7373,1
5.344,158.3885,12285.683,6.4659,319.8358,314.0917,14.9079,72.6804,3.6225,0
5.6643,195.741,22977.0809,7.2209,363.3875,350.1575,15.3359,77.0097,5.3261,0
8.0271,231.3227,13155.5727,7.0019,369.828,383.6693,14.1274,43.3546,3.429,1
7.8248,223.0914,24480.276,5.2082,302.1023,339.1594,16.0904,70.9676,4.6015,0
,217.1118,20099.7828,7.2237,403.1581,462.303,11.6625,53.076,4.7287,0
,205.1562,19359.1814,5.8964,271.8231,345.08,10.7619,58.7017,4.587,0
10.7075,146.3084,8464.6726,5.6241,296.0464,529.6418,15.2271,46.695,3.0095,0
6.0194,147.6552,24992.756,6.6348,344.8439,320.8817,18.3169,52.4345,2.9669,1
5.6835,223.6765,29625.1188,6.385,294.4388,557.8527,16.0007,72.3896,3.9845,0
7.7164,176.2912,20980.7577,8.2635,323.5824,398.6065,12.4822,51.6071,4.1737,1
5.8233,197.7286,17072.6821,7.2814,358.2033,595.079,16.4772,65.2644,4.5671,0
6.4265,218.097,27428.2468,6.2717,296.7869,441.8905,13.6191,62.4136,3.8699,1
8.2756,134.9095,28888.3169,10.3188,287.4262,434.3522,13.5996,56.7827,1.7412,0
8.43,134.8628,18371.8476,8.9413,363.4453,475.6055,13.6511,59.5876,3.257,0
6.6731,214.6364,45730.8398,3.7367,398.988,181.0,13.3019,87.4198,4.047,0
8.9345,177.788,32808.8489,4.7149,335.4221,331.7185,18.4887,67.1543,2.4549,0
6.7512,185.5481,35107.3723,5.3904,384.8312,365.6126,16.9912,108.9819,3.7627,1
6.6098,234.4527,25739.338,8.8263,,311.3787,16.8781,103.2787,5.901,0
6.9532,188.1745,25593.4599,5.2419,,481.3994,10.3993,51.2643,3.9083,1
6.5112,195.0121,13616.7822,6.9267,,650.2611,19.8728,62.4383,3.3991,1
7.7364,206.4655,19897.568,6.5715,,211.9553,11.0702,71.7018,4.4991,1
7.3774,139.9665,22603.4025,8.8585,,350.1242,16.7738,67.915,3.1411,1
5.8233,254.0219,28138.988,6.409,292.5718,437.7258,3.0068,66.3292,3.7127,0
7.2268,210.2655,17767.3338,7.7423,267.2186,367.5887,14.6873,,4.0033,1
6.166,178.869,14805.86,6.7758,370.9959,485.8163,16.7966,74.2487,2.445,1
6.1132,234.2459,32234.6528,9.1184,,403.0341,14.1203,47.7685,4.4358,0
6.7574,166.1958,23067.427,7.859,341.0017,479.581,11.4964,63.2759,3.964,1
8.4588,174.078,30311.8881,8.2355,358.5848,554.4599,9.6252,64.8157,3.9731,0
,156.2089,23055.9355,6.6072,333.8463,435.154,15.1371,41.6906,3.6195,1
8.8257,189.1177,16843.1295,6.8737,316.4628,479.6214,17.1551,81.7946,4.5154,0
9.2581,172.146,21956.0941,8.6881,,398.558,17.1488,,3.8742,0
6.912,205.3124,881.7404,10.0509,311.7586,341.6691,13.1881,62.7721,3.0412,0
6.0727,174.6246,30584.1331,6.928,303.9281,463.954,18.7598,65.6143,4.1931,0
5.805,205.1916,26943.9641,7.869,,425.177,17.0474,70.953,4.0444,0
7.3715,211.0052,32257.9924,5.5477,352.2557,396.304,18.136,,3.1124,1
8.2349,209.4824,20214.2849,9.4919,,378.004,15.7622,58.2397,3.6989,0
,208.9496,39226.4478,5.3774,392.2119,363.2844,18.0014,57.471,5.2114,0
5.0415,199.2879,32715.9929,7.8088,361.3888,455.3457,14.4911,55.2866,3.2009,0
8.3202,169.4086,6902.1652,7.8193,342.0775,418.7,15.1543,77.246,4.0228,0
8.5379,131.1483,6749.0715,5.9209,346.4514,307.9828,11.468,85.3913,4.0475,0
10.5463,208.1076,24329.7497,5.3059,359.7086,405.54,7.7398,56.9621,3.1006,0
,150.3213,10092.7488,6.921,,522.3069,13.952,63.187,2.8573,1
6.92,207.6996,20804.7157,8.655,344.1109,504.017,13.4764,77.8362,4.4291,1
4.7351,194.8141,20561.2592,4.933,,409.5252,11.0833,88.7483,3.9557,0
,194.8638,19377.412,6.4589,313.6075,449.4578,12.5853,38.173,3.518,1
,196.6637,35096.3666,2.9,,394.1341,12.5067,,3.6279,0
5.4854,215.32,27022.5965,6.8022,312.6633,593.4621,15.7542,61.6013,3.2763,0
5.6488,164.411,27633.7269,5.2418,352.6521,475.2618,12.5905,37.0256,5.7603,0
,206.8429,24120.9843,6.2296,352.292,400.5722,14.1351,89.4128,3.9357,0
6.8363,231.9469,47872.6238,7.0438,414.7508,509.8857,22.3132,46.8848,3.2847,0
7.5407,222.3736,33571.9896,5.9542,,391.6639,9.6462,94.2956,3.4492,1
,232.7612,16098.2496,8.2504,358.1938,393.1567,13.1965,86.7596,4.2338,1
6.8345,187.2989,26945.9409,8.8585,,307.5346,20.2121,60.4011,2.9593,0
8.5286,193.7246,15676.1262,8.964,336.9196,355.0192,11.2774,73.6845,3.3137,0
8.5436,258.0393,20577.7642,6.913,341.4489,367.4149,15.8158,78.6069,3.682,1
4.7469,213.0194,21335.1834,6.3331,379.4388,371.6716,11.5051,71.5341,3.0239,0
6.5772,204.9637,10035.0799,8.2487,347.0313,349.4035,13.0338,66.1874,3.5181,1
5.1429,229.3245,5934.0775,8.6911,331.5605,428.4769,14.4922,89.2662,4.7049,0
5.5407,167.7696,11532.1484,6.2638,310.4613,359.1,15.6579,77.915,3.8915,0
7.2506,192.0644,26823.871,7.016,342.1569,555.8355,16.0794,62.6742,3.8031,1
6.7964,210.9437,320.0,6.7092,374.4015,391.1561,11.793,47.4722,3.8005,1
9.1327,194.462,27294.471,8.2803,286.0668,323.9659,12.9654,81.0032,5.1071,0
9.9914,246.1094,3602.6596,6.2743,388.3302,473.5949,13.8916,79.6333,3.1291,0
7.6005,210.8297,15158.5811,3.457,340.5636,423.6573,15.759,63.3953,3.0863,0
6.7023,225.5044,17378.4229,8.0074,291.9164,424.6401,10.915,88.2511,3.4928,1
6.7706,169.3332,28470.5702,8.5407,328.3977,393.7298,13.1585,83.1064,3.0032,1
6.9689,196.1053,22043.3477,7.4145,,541.6049,11.4714,95.1384,4.6021,1
7.8281,195.6084,12506.8235,8.4136,377.2063,368.0781,16.1378,62.1393,4.6027,1
5.9085,213.5485,16914.7001,7.0043,305.1055,506.5554,18.1922,61.056,3.4408,1
7.8461,212.5008,24174.3916,5.1178,327.9973,430.1307,5.466,48.808,4.1076,1
6.6305,196.5534,31445.1307,7.6615,,492.0633,12.1352,35.9754,4.248,1
,215.5639,24396.3957,6.352,369.0689,433.275,15.1233,85.2315,3.9771,0
8.9938,265.291,21053.9123,5.1222,410.1569,589.4032,12.7396,56.1249,2.634,0
9.5454,197.5412,19733.4558,8.8018,380.722,389.5678,7.4387,31.1343,5.1867,0
6.7632,175.1258,35687.2465,6.993,327.78,453.4749,16.9181,63.1855,3.3541,1
5.009,236.1962,14904.0896,2.6096,349.0302,407.3773,17.2213,67.6905,3.0291,0
4.5176,245.3477,18016.2318,7.9676,,436.0,14.4479,58.2161,1.6836,0
6.5654,202.7302,25079.9955,7.1623,,350.7827,11.3551,71.2496,5.1946,1
4.9129,228.2907,33138.3926,6.2959,381.0425,385.7617,13.5168,87.128,4.0055,0
4.5765,129.5769,7030.7904,6.3957,,341.5836,12.3672,60.3021,3.5845,0
6.4795,212.2197,30471.9146,7.8678,319.6719,358.5374,12.9333,61.356,4.4094,1
5.5501,190.7064,32081.9232,8.0995,288.5484,461.0441,15.727,82.3135,3.0819,0
8.0121,269.0548,24237.5424,8.1659,343.4791,462.3915,17.3237,79.9481,4.4246,1
9.8489,204.33,5498.6639,8.8948,,450.4223,15.8925,58.9513,4.3197,0
6.6687,257.0861,15748.371,6.0934,333.0786,422.6735,12.7928,67.308,3.5813,1
7.4628,190.8028,20732.0246,9.6337,395.2696,358.2607,11.9649,74.9165,3.4093,0
,187.8111,24467.4453,11.338,337.4093,445.9021,16.0935,100.1041,3.3826,0
,179.3595,11146.9484,7.331,266.2364,351.6948,9.5698,66.194,3.4351,1
5.9749,158.4542,19824.7549,7.8625,332.7044,318.9294,10.8327,70.4695,4.8874,1
5.3904,178.2667,28194.4079,7.9487,313.3956,512.5756,15.0858,79.7813,4.9482,0
4.2705,233.07,17195.1036,9.1268,369.5197,447.4376,11.483,83.8278,4.5499,0
9.359,146.7455,19328.1372,5.1147,,423.2587,14.1425,67.6246,3.0648,0
4.6362,200.0034,17915.4597,8.8625,341.6859,569.8381,13.0213,99.3933,3.9002,0
5.2319,233.415,9581.0523,6.2947,310.2252,415.1582,15.2372,61.7429,3.2032,0
,205.3499,18821.9607,7.2117,377.4533,542.7881,16.7489,67.2105,3.8691,1
7.4346,214.0144,20057.2612,7.814,353.085,353.3225,13.7063,49.5538,4.0644,1
7.4413,208.2764,28489.6741,8.1485,,315.5199,13.4443,,4.8608,1
,214.0472,15000.773,6.8619,368.8137,331.1935,16.5255,63.4979,4.6126,1
5.7013,134.3133,10521.0887,7.8755,325.7797,490.0142,17.5743,76.2454,4.4074,0
8.1428,246.2032,17660.1398,8.9622,382.2493,477.4627,15.7926,93.4696,3.7017,1
,208.8331,14224.0544,7.5626,358.1546,415.5597,12.7007,47.5979,5.4286,1
4.8822,178.9884,26836.929,9.1815,370.7335,303.6183,18.2468,59.8119,3.5959,0
,187.4174,17050.2457,6.7717,326.946,366.6271,11.4065,82.5318,4.1607,0
6.5151,192.607,8299.1743,4.049,323.5023,479.6908,12.6432,,4.1049,1
,219.4166,27229.39,6.9334,318.6818,455.9717,13.346,69.5714,3.4426,1
4.8806,158.6272,21288.8479,7.0385,343.1015,353.322,16.9754,70.7415,4.3179,0
5.271,156.0784,23506.3699,7.0347,250.9418,435.2768,11.0616,73.9291,4.3321,0
6.1779,154.3572,25427.0794,4.6279,399.2757,616.2207,11.8474,57.1563,3.2292,0
,226.6542,31196.4434,4.9678,340.2426,409.2066,16.717,91.3802,4.4486,0
8.511,167.4688,13929.7674,6.3722,340.0094,311.0896,21.5886,72.8185,5.2033,0
4.6364,201.3571,27396.8507,7.094,,418.9835,13.1061,58.914,4.2957,0
7.2654,159.8898,22573.5173,6.7027,288.1221,463.8295,11.5488,80.1094,3.5714,1
5.5335,195.1902,22445.2335,8.9632,291.9685,549.9441,10.378,77.1504,5.4045,0
7.7844,181.1136,21082.9933,7.8869,363.1028,440.882,17.5595,49.4956,4.5712,0
7.3307,173.364,17870.17,7.4941,303.8748,332.4188,13.1552,54.8166,4.6303,1
6.2158,234.2306,23805.5868,6.693,302.7426,409.3124,19.0318,70.8948,4.4812,0
10.294,200.7212,22195.2996,4.6787,365.1164,518.821,11.569,83.6211,3.8941,0
,166.1619,27892.0161,7.6474,,375.8119,12.599,77.2555,3.0468,1
8.6394,275.8252,34933.678,6.6144,261.7854,517.7271,14.3408,58.6094,3.6149,1
5.0762,166.7334,13325.4247,7.645,227.261,324.774,12.3255,69.5033,3.7064,0
6.8464,159.1493,38931.0916,10.0062,332.9363,427.844,13.1638,94.0157,3.922,0
7.1598,142.5984,31419.2859,7.0853,403.4467,424.0316,16.5607,40.3948,3.9623,1
7.234,250.2955,11973.4246,10.2867,361.0971,345.5567,12.3818,98.1061,4.4347,0
6.5246,204.2777,20805.2016,6.1905,356.4661,440.108,10.0346,,4.0794,1
5.8131,208.5512,21927.8123,6.1649,292.0918,496.6929,12.0644,70.7642,3.2479,1
2.4844,233.6173,32171.0071,5.5037,401.1286,401.2997,16.5585,64.4951,3.4262,0
6.1977,201.7529,13493.3097,7.31,,387.4011,14.426,24.8576,3.9605,1
5.6845,221.3181,36884.9925,3.8217,383.1083,463.8217,16.8457,109.6799,3.1388,0
6.6581,252.6146,12510.9121,7.4699,432.4406,507.3785,13.9059,69.6803,2.7831,1
,206.0716,18799.0791,7.7685,,516.4204,14.507,97.4344,3.2726,1
10.2958,224.2591,16599.2454,8.2704,277.1593,408.2856,14.2258,45.6421,3.4861,0
7.8191,204.712,11131.3833,7.6317,343.0824,390.6962,14.3944,55.1571,5.5347,0
8.5332,202.6625,12093.1717,8.2935,310.1281,505.2274,13.3462,64.6651,3.2718,0
7.9654,244.6517,16819.4023,8.1797,333.2309,499.421,7.2472,56.2449,3.811,0
8.11,217.1323,19633.807,7.1869,,580.7475,17.8854,76.0148,4.0018,1
,207.1189,16576.5348,7.5515,,435.0778,19.3954,84.1198,4.4201,0
6.6586,136.1174,13860.0492,6.3099,380.7529,460.0773,14.8647,54.8059,4.323,1
6.568,168.8466,320.0,6.7886,332.1182,417.4716,16.4797,49.3721,4.3625,1
7.5338,175.5516,19524.7851,9.4038,355.2424,384.5568,12.5319,62.4713,3.9242,0
9.6942,197.4749,38360.3257,5.2686,308.7934,664.9755,14.1723,80.5666,4.1796,0
8.2013,210.3648,36429.3649,8.8595,349.8012,459.7823,18.8106,74.0305,3.3246,0
9.4198,203.2601,32054.8582,8.3491,327.2849,394.3391,11.0093,,5.5051,0
5.1499,192.8437,18518.4672,4.6725,374.9461,433.2271,18.6947,50.6516,4.5066,0
7.4465,209.3637,26446.6311,4.5473,373.9769,436.3574,17.7277,71.9651,3.3541,1
7.6447,209.7393,17298.0454,6.2063,349.5654,364.4458,8.5343,54.4004,3.9708,1
7.8255,227.3928,17855.1904,7.6696,338.848,303.6366,14.8441,59.2151,4.0282,1
5.0406,140.0692,23341.0199,6.4649,325.1193,360.8261,17.9441,78.6807,3.9828,0
,231.4213,30871.5214,8.2173,389.7494,374.6209,13.606,40.4018,3.7848,0
3.9386,262.0129,17656.4865,6.7824,369.1107,451.1238,16.0209,,3.7438,0
6.4758,235.3598,16224.3166,4.9638,378.4778,457.196,9.5993,52.2411,2.8068,0
10.511,184.0611,21668.95,7.8684,,238.9225,16.6787,67.6245,2.0742,0
7.3848,168.6487,9029.745,8.3109,,321.8646,15.7119,51.9197,3.3461,1
5.285,196.0672,29449.5619,6.6768,341.1672,341.637,18.2336,35.3755,4.5544,0
7.565,242.0554,30882.8067,6.6996,371.2631,553.7134,10.904,58.1738,3.9021,1
6.6237,207.0431,32306.3974,4.9152,,465.0091,14.6828,73.1341,4.5955,0
7.3193,132.2523,28730.3649,8.3458,370.5532,385.9438,15.9193,57.7494,2.4101,0
6.4047,90.0006,16827.4134,9.7043,360.4008,398.0072,13.2875,75.5811,3.8072,1
5.1662,204.5578,19927.1917,7.2228,265.591,409.4555,14.6781,93.556,4.4998,0
6.2894,275.6633,13820.303,4.8971,317.436,295.6237,18.584,42.4754,3.2517,1
8.122,145.6424,24693.9023,4.9479,,510.649,14.3439,63.7143,3.3977,1
7.5209,176.8358,41008.2413,6.9702,313.4362,479.5855,10.5875,76.0676,3.5867,1
8.8716,198.1115,13448.2013,5.0416,377.5257,441.354,14.4891,83.404,3.7289,0
5.503,207.4499,27722.7206,6.1861,406.4698,428.1801,12.8391,,3.9166,0
,225.874,34004.9925,5.2053,332.9281,402.4504,12.3497,74.6448,3.003,0
,144.9303,12932.7917,7.2757,256.4098,389.2019,17.4228,55.7843,2.6819,1
7.3702,200.5326,40589.6303,5.2132,,311.6702,13.9816,46.3458,4.035,1
8.9222,175.3736,16208.5985,8.551,375.8607,475.5557,11.3499,54.2323,3.4206,0
6.9,224.053,21102.6258,9.481,,340.3235,10.2577,40.6051,3.6858,1
,209.3968,25666.9922,9.428,251.3792,423.8522,13.9044,72.0986,5.2203,0
8.0384,233.2217,30141.5259,4.6561,381.7273,392.8062,17.6042,74.1551,3.5611,1
8.0532,156.5158,28979.6018,9.0424,330.6464,391.0533,15.44,72.8257,3.429,0
8.2999,160.0614,19872.5725,7.7331,,461.5041,15.921,76.6156,2.7178,0
9.0048,173.112,16311.5307,8.0668,253.5765,410.7318,10.0869,69.7261,4.443,0
7.8885,180.9381,1640.0421,7.9074,302.1405,342.244,16.6187,49.331,3.7345,0
6.4658,172.8834,17623.97,8.2339,394.8202,478.7516,12.3793,63.1913,1.966,0
,155.0876,33050.2964,7.8293,295.2754,533.7525,17.5479,81.2811,3.332,0
7.0728,177.0943,15147.3409,7.4585,360.3386,440.3384,17.9625,73.7078,4.1305,1
,142.8014,27402.4845,7.0212,,451.4184,13.913,63.8819,3.054,1
6.0257,228.5371,28223.6795,6.1371,339.3597,407.2059,9.4943,69.6056,5.4988,0
3.9172,179.973,23518.2934,8.8247,361.1016,556.9736,17.0467,76.4506,4.7833,0
5.9834,154.3031,17196.4131,6.9571,,461.3818,14.702,71.8349,3.6802,1
7.2234,201.5936,17216.0602,6.5586,,359.2835,13.7018,43.8838,3.9893,1
7.9095,143.0164,21634.5357,8.4904,337.7562,514.6333,11.6697,82.9497,3.9722,1
7.1712,207.8071,6700.4326,7.8737,,581.4349,11.729,55.5442,3.5698,1
8.2989,184.2453,34251.1981,6.9296,347.1007,453.3418,14.7308,86.3288,5.2239,1
8.5883,252.5509,12900.2077,7.0935,322.3797,345.3835,13.8554,81.4888,4.3444,0
8.5844,213.4243,16563.8516,4.1372,283.2961,284.3687,17.2227,48.7846,2.8995,0
7.1396,170.1477,16623.5057,5.321,399.3132,345.7692,7.4673,71.7932,5.0887,0
7.2565,224.9993,19499.0177,6.5006,370.0672,608.9826,13.9454,86.4782,3.3783,1
6.8197,199.7994,25372.239,7.5256,,359.3096,18.9249,78.2116,4.1116,0
5.8513,217.4771,32600.4399,7.6937,,323.1819,16.1675,,4.2141,0
9.2334,94.6303,24025.5386,5.1537,272.602,415.7647,10.135,66.0799,4.8156,0
,180.7549,35805.3635,6.3138,329.5829,481.5601,16.0857,51.3184,3.2242,0
7.0319,180.9148,18838.5538,7.4113,343.207,405.7052,12.0951,99.525,3.5791,1
7.4711,237.8144,28122.2363,8.4307,351.0744,399.6226,11.8225,79.8319,3.2755,1
,160.1387,29030.1779,5.8995,287.0357,447.1197,11.8248,51.767,3.6537,0
,207.0334,23366.0815,5.7161,,529.9212,10.3411,47.0184,4.7701,0
6.6242,189.8629,27931.9917,5.0468,346.8917,464.8253,13.3852,88.4371,2.3883,1
7.4689,150.093,13200.4846,6.9594,291.559,387.4555,15.0172,63.2813,3.462,1
6.653,176.9105,33697.3404,7.5337,414.3948,391.6928,12.7384,55.7067,3.4634,1
4.8845,213.3467,29213.5293,8.6134,313.1125,444.7033,11.4785,68.5507,3.8931,0
7.429,188.8555,23581.8388,6.6852,258.9516,340.2314,14.2949,72.0683,2.5892,1
,189.7329,19040.8184,8.5339,318.8515,445.1363,10.7093,32.8549,4.7107,1
8.6067,192.8894,29494.6443,7.1911,387.8269,541.0965,13.1651,39.1293,4.1681,0
7.839,198.2685,12590.6537,7.4332,,409.1765,12.6221,46.1091,3.962,1
,205.6618,28568.3588,5.1359,408.9578,395.3879,16.8842,61.0904,5.2624,0
8.7604,192.727,30268.0022,9.7697,370.2635,460.0685,13.905,77.1377,6.0975,0
,146.9698,44071.0304,6.7709,340.6571,357.3698,22.8822,98.1038,3.9309,0
8.2683,188.2484,21370.479,8.9709,,538.3588,14.053,62.1823,3.4912,1
7.8562,198.1128,34037.274,8.1317,394.6159,512.5483,17.8259,45.9527,3.1621,0
6.1062,249.045,27588.7686,6.5967,,496.4272,13.9449,52.2292,2.2158,1
,162.2179,8113.8841,6.1463,320.998,441.8006,13.8362,68.0728,4.0241,0
6.6076,246.4873,10876.0195,8.253,,445.6317,7.8454,61.2323,4.5731,0
11.3787,177.3851,17497.3399,6.1652,359.104,467.4566,16.1149,102.0438,3.1918,0
6.795,247.417,32337.8392,5.8317,,336.4312,11.5772,73.4068,3.9801,1
5.5125,127.5731,34868.6123,5.8201,313.9612,382.4517,13.3333,48.5748,4.4829,0
6.6431,185.7375,19999.8627,5.7975,321.031,401.06,14.5111,80.702,3.0391,1
9.2602,117.8931,25969.9295,5.9975,346.1271,516.1274,16.7918,40.4142,3.4797,0
6.3053,147.2564,24127.9737,9.3392,367.0983,586.6533,7.9501,81.413,3.9999,0
3.5513,180.3495,409.0049,7.1935,,421.9448,14.4365,71.2916,3.7329,0
9.3029,210.55,31756.6976,8.8198,,446.8978,14.4875,74.8525,4.3003,0
7.625,169.2123,34543.2182,7.7491,,445.3125,11.3447,41.6748,4.7853,1
6.4146,202.6869,2584.7675,6.8654,358.7957,382.9576,12.9333,71.7441,4.1898,1
,167.6218,13952.0097,6.505,,383.8803,13.6634,,2.527,1
5.7872,247.4583,21413.997,5.4224,309.9458,436.4355,15.5467,73.2774,4.4142,0
5.4193,175.5448,21413.9718,7.5321,299.0935,523.9207,11.1694,55.938,3.5723,0
8.5438,259.1175,31361.5358,7.1218,320.4097,323.8717,12.0512,73.2713,2.987,0
6.3856,253.7994,32406.7175,7.1039,332.9793,496.8412,16.8752,75.144,3.534,1
7.9245,164.8253,17312.2921,6.8861,373.8146,334.1933,13.5979,42.0312,2.9859,1
7.1618,211.9328,28097.5545,7.8977,,491.6361,10.1595,48.9137,4.0332,1
8.3691,179.4114,16508.2928,6.2175,366.8928,411.5063,18.6028,62.4405,3.1204,1
7.3034,242.7841,19431.6463,5.0839,342.7871,337.5188,15.3477,73.894,4.4986,0
4.1316,205.3347,24231.543,6.0943,401.5403,310.3096,14.3782,60.7576,5.2013,0
8.1449,254.5423,26934.2843,4.2973,,403.5333,12.3223,77.8811,4.0583,1
,188.666,16663.5571,7.4052,401.6756,497.5783,18.2198,64.656,4.425,0
8.441,184.9506,38860.4526,9.5188,,370.6781,10.8197,75.4121,5.0394,0
7.3092,169.0808,23948.2676,6.3306,,436.1283,13.1009,,5.1448,1
9.2362,198.9897,22212.429,8.5691,335.1038,353.3048,17.0355,67.0793,3.1327,0
,208.3339,28914.5876,10.1671,,348.4868,13.7418,93.0476,4.094,0
4.119,196.8773,16628.5273,6.6951,,386.9776,12.8812,48.7898,4.3502,0
6.6715,204.5419,24891.3528,7.8845,340.4977,336.7806,16.4621,65.9581,4.49,0
7.8988,219.4895,696.627,8.1876,286.8369,437.5829,15.6173,69.9631,3.8382,0
6.6393,192.1996,7128.0213,9.5784,363.8427,294.995,13.9411,,3.2381,0
6.4544,173.6064,18942.1376,7.6953,,547.1621,11.3319,48.4361,4.6166,0
,161.7536,18040.8622,5.9972,413.0849,378.9382,14.4366,,2.8511,0
6.9183,176.2663,19006.8232,6.1985,347.045,367.6709,12.5011,70.2724,2.6204,1
8.6899,183.7138,16452.1873,5.5927,361.2999,504.7957,16.5457,68.0127,3.1662,0
7.3595,228.1808,27251.2245,6.7871,305.4434,392.2617,12.995,84.5092,3.5519,1
5.015,224.9116,32777.9614,8.1058,,511.4992,18.542,66.617,4.051,0
5.7576,171.0503,17715.8874,8.0208,317.3422,351.284,21.3854,50.2473,4.1041,0
,214.5131,31241.9536,6.2772,331.1964,357.1436,20.7623,44.8732,4.409,1
,165.2549,25497.366,7.9643,340.0385,359.6648,14.6278,88.1621,4.9825,1
5.9478,222.2866,11585.1022,4.4259,,556.2288,13.1651,73.3686,4.7754,0
5.061,141.91,10321.8219,6.9701,329.7907,283.5868,11.3734,48.1644,3.2638,0
5.6474,227.2189,22615.4714,9.1241,399.1381,433.8314,12.5105,66.8037,4.0793,0
6.3714,189.178,31605.5769,6.9181,319.7356,570.0676,13.7775,45.403,3.8898,1
5.8382,203.0973,14082.7162,6.438,376.497,373.0747,6.5536,71.5275,2.9789,0
6.2807,191.6144,3814.2641,9.0368,349.5529,514.1655,11.8907,,4.5469,0
9.8761,160.6392,30655.4918,9.1983,324.117,481.3132,10.7144,62.2706,3.5401,0
7.5492,199.3141,32279.8182,7.2019,384.9423,475.0193,10.708,73.5878,2.7979,1
,195.5643,20168.1162,3.8874,,434.3292,12.8983,72.9318,4.215,0
7.1219,220.1004,31711.4025,8.2237,309.1814,399.2921,21.0934,,4.3017,0
9.4565,215.7729,39967.906,10.0173,373.0325,362.275,12.0723,74.7637,4.2691,0
8.0883,235.7677,14736.9057,5.7552,304.1388,437.2407,22.1004,82.6442,4.8488,0
6.9868,213.5863,18802.6951,10.7528,,478.3917,12.1078,,3.3469,1
5.1426,157.9179,18865.7993,5.761,287.6841,403.6851,11.7462,56.947,3.5744,0
4.637,220.9741,31697.4904,8.8352,353.7369,507.1246,15.695,79.8107,3.4241,0
6.6328,155.9559,14734.62,8.673,233.4472,485.9924,15.1263,64.1419,5.1761,0
6.9777,171.9179,19430.4172,8.4116,286.3455,451.895,19.3822,74.1782,3.8697,0
4.7457,197.669,33355.1907,5.9579,317.0667,400.0044,14.4194,87.7153,3.8067,0
5.1667,168.109,31089.7021,8.4185,354.7403,473.1963,15.8252,60.5885,3.5613,0
7.0713,182.5873,31513.5719,4.9339,298.0657,441.3708,13.2442,45.7968,4.6405,0
3.8722,228.6511,14172.5651,7.1448,382.6056,590.2849,10.5265,51.6387,3.6555,0
4.5973,175.4952,26126.8297,7.0982,324.6801,447.1004,14.9289,80.4582,3.5628,0
7.0552,166.0563,17188.4558,7.251,322.5239,478.0819,20.0412,44.9381,5.6094,1
,153.1798,30340.7802,5.372,261.9205,323.7751,16.6028,,4.0051,1
7.6003,288.4892,26696.1693,5.986,375.0258,435.4131,14.2817,52.3141,4.1687,1
,180.876,28498.4653,4.3497,314.0884,555.2626,13.3715,39.3306,3.6279,0
9.4511,196.7766,20819.8897,9.9438,322.4228,460.8009,12.2458,78.4676,3.0068,0
8.4517,197.2202,23594.6987,7.533,350.5218,500.7657,20.8955,64.127,3.9713,0
6.7421,232.2867,25629.7149,6.0995,379.85,403.1763,14.6832,71.1402,4.0156,1
10.266,176.9881,20485.2976,7.5809,334.2348,387.0238,13.7181,55.8034,4.9142,0
9.6109,166.1731,25148.5197,7.1276,380.5476,446.281,10.5614,66.822,3.9943,0
8.5182,183.1836,13882.2344,9.644,335.9314,336.0742,11.9272,86.3116,4.771,0
5.9437,170.1003,12028.1015,6.2539,320.8227,400.664,13.1723,46.0863,2.8288,1
7.7295,148.7141,7411.2116,8.9625,,604.5615,16.4012,40.8857,4.0241,0
4.0614,134.0595,21065.6165,4.8883,420.4334,419.5056,15.7771,76.5722,6.0237,0
6.6517,197.118,29674.2354,6.9638,363.3177,379.909,5.4742,57.4472,3.3551,1
,181.8571,26110.4364,7.913,,537.2454,12.1089,68.2256,4.9975,0
6.5241,241.481,5114.3584,6.7869,,460.2891,17.7715,51.7508,4.2681,1
8.6519,178.7372,25856.9726,8.7026,,387.8865,17.8537,,3.9423,0
7.1722,183.9969,22719.575,7.4164,,429.3517,19.8303,88.5472,4.7029,1
9.5221,235.5927,20981.8901,6.2357,360.067,415.6831,18.0257,47.8661,2.9768,0
7.1463,140.4202,24343.0784,6.3862,356.0992,378.1733,16.1662,75.5516,4.625,1
7.2982,221.5076,27389.6233,9.2307,278.3318,439.9697,13.4831,79.6337,4.573,1
6.7052,168.6146,34258.4274,7.1445,375.2011,435.2018,15.4637,87.0159,4.5811,1
7.9337,158.4218,33215.1541,6.6336,277.8318,387.6967,16.004,51.7285,4.434,0
7.1026,208.0316,39021.894,4.6585,364.1092,400.6609,14.6744,41.6979,4.3944,0
8.9207,199.7535,27508.9004,4.9004,305.1523,538.1322,14.8898,77.3638,2.7427,0
9.5265,158.4809,17317.0379,5.663,317.7547,556.3867,14.6719,41.9872,3.7919,0
7.7048,203.8615,34013.3595,8.1081,337.2152,441.2088,15.2431,63.88,4.7623,0
,246.6437,11928.3982,8.9526,,239.1885,15.4993,65.8261,4.4208,0
7.981,222.6668,29719.1207,6.0906,,427.7008,15.3862,52.4079,3.5334,1
9.1529,199.6939,13584.0742,10.371,355.9004,312.2438,13.1202,87.9583,3.752,0
8.1179,177.5867,17466.655,7.4701,,385.4304,13.1649,84.3301,4.1024,1
7.5914,192.9473,33061.7505,7.3806,314.1412,300.639,16.4419,75.7855,3.4305,1
8.5461,211.4542,17118.54,7.5235,331.5499,570.1599,11.0922,84.6464,4.0333,0
,188.4848,31724.5305,5.8737,350.8692,422.3225,13.3653,66.7308,3.9128,0
,210.8078,27954.6756,8.7213,318.587,539.0227,15.5333,67.9129,3.8614,0
9.3985,227.785,21283.4733,7.416,301.448,252.4778,19.8842,73.1939,4.7387,0
8.3031,147.2338,28939.4829,8.2046,324.6405,563.0823,12.6818,72.5185,2.5823,0
7.8733,201.3851,27750.2062,4.6289,338.7784,442.2956,8.8046,58.1776,3.5776,1
6.3479,212.3344,23760.1776,5.0321,423.6423,502.3674,11.8628,59.8002,5.0625,1
7.4983,187.0752,17008.1835,8.4098,,408.4394,18.4415,97.4675,4.0231,1
8.0596,174.6983,29737.9394,9.4229,331.1105,394.1227,12.4241,80.3747,4.2648,0
,245.301,19701.1153,6.8176,,253.8015,18.2215,39.4843,4.1241,0
8.2672,193.0191,22024.2603,6.7625,426.2383,400.0462,7.7152,76.6199,2.9413,1
7.2714,192.9911,26360.2964,7.0656,327.2207,255.8359,9.5772,79.466,4.1151,1
9.3255,178.1321,21670.0037,6.3991,,389.6106,12.7677,88.1906,4.0201,0
8.1629,185.9923,24735.6697,5.3992,255.779,307.1628,15.0505,67.2651,3.9216,0
6.9093,185.9521,25139.4956,5.4448,355.6729,394.6252,18.7324,,4.0624,1
7.2483,192.5187,24952.1419,9.2434,,593.9376,9.5253,43.4378,3.3788,1
8.1122,146.749,23700.9409,6.2801,,471.5705,14.0405,71.9951,5.3057,0
7.3852,143.0136,34464.4217,8.367,,456.6729,16.8931,63.7584,2.6241,0
7.9737,175.3327,18395.1326,4.7716,365.6408,455.6522,17.1804,78.1476,2.4923,0
6.1202,184.6247,18830.251,8.0642,,405.7441,14.5163,64.9493,4.0045,1
5.3317,176.8448,11719.5098,9.1385,,355.3508,15.501,,3.0605,0
6.3269,218.9964,2375.0602,6.6961,,489.8695,12.9209,63.2618,5.1467,0
5.0668,194.5756,28276.4125,8.8093,364.0007,442.0503,16.6051,71.0855,3.1521,0
6.0257,219.2092,26643.1763,7.6729,363.2539,325.8442,17.4748,61.0403,4.6183,0
7.69,203.1053,34893.9727,11.0063,307.1584,529.3819,13.9801,60.9493,2.9052,0
4.7682,122.3992,10045.6897,6.8548,348.7615,553.9651,18.4337,56.2175,3.3622,0
,211.1871,15883.6913,6.8508,345.1518,409.1667,14.3312,44.3148,4.9626,0
,243.0118,17600.4728,5.5564,304.2141,493.9999,11.9605,70.8958,5.0136,1
6.3893,200.499,39288.5126,7.0297,295.4286,409.5913,16.2995,69.3191,2.9358,1
7.1533,193.6204,30440.9384,8.3528,,484.6375,17.9709,73.1046,2.6135,1
5.3505,157.9748,20956.663,6.016,350.0436,371.5562,13.9428,33.9177,5.0109,0
5.6325,203.5483,22276.54,9.3079,357.1204,358.5419,15.5045,,3.6091,0
6.7223,161.7141,25140.339,6.3381,,503.7399,12.8701,50.4985,4.1831,1
9.5675,138.38,12779.2863,7.5633,290.1144,536.0401,16.0639,49.4687,4.2496,0
7.8209,203.026,25375.1571,9.3345,317.4847,460.8256,11.6604,51.4147,4.6426,0
4.7065,222.8757,13172.5495,6.3076,352.7768,487.6242,11.254,64.3449,4.1191,0
,186.2955,23263.027,7.4666,,510.3675,19.5519,36.1655,4.3073,1
,189.9453,28324.8166,6.8129,352.3015,468.1525,16.0905,77.7979,3.3898,0
8.1849,173.5948,24804.718,6.0107,335.4545,690.701,10.6295,61.9152,2.8586,1
5.3687,247.8466,16369.6811,8.0875,337.4432,530.5336,13.3308,65.6798,3.0777,0
7.0711,208.0674,19928.8545,3.828,336.7811,410.7097,11.6637,68.0662,3.9109,1
10.2901,184.3995,29220.9917,5.5705,363.9444,414.887,16.5368,65.8046,4.6101,0
5.7956,185.8228,17955.2829,7.0048,,433.4773,12.4514,72.1131,2.9106,1
7.6591,199.9711,10688.8869,7.6452,406.8679,458.3638,10.6114,58.6501,3.1562,1
6.0646,231.4637,19933.6771,5.8565,294.9087,361.4049,13.0941,62.4637,4.08,0
5.2997,177.7795,17858.5826,5.1291,337.5289,443.5504,7.4085,40.332,4.0082,0
6.5339,166.5586,20517.0299,9.7097,358.3446,369.5313,13.0679,32.4229,4.5173,0
8.6834,205.6647,22221.1243,8.1181,289.2549,393.8596,9.0297,74.0697,3.7365,0
8.8733,191.3908,19254.1232,8.1181,292.8995,536.7073,11.4581,66.221,4.3447,0
5.8733,147.4452,19193.8098,7.4071,331.0583,463.1898,16.5759,66.7236,3.2067,1
,191.257,30006.4084,8.9886,,420.1614,18.6394,62.7492,2.4857,0
5.8624,185.1598,27180.9641,7.699,346.2736,506.1286,16.7947,54.0243,5.5679,0
4.1153,182.0663,30387.4492,5.1446,329.3176,481.8189,16.8645,76.8466,3.2883,0
8.0606,200.1657,22806.1537,7.1975,357.7656,535.5681,6.7344,65.1788,3.5795,1
9.4603,203.0918,18865.4663,8.765,350.9243,500.47,11.5555,44.0447,5.0668,0
9.3763,250.153,24771.3155,4.621,303.2869,343.404,16.5979,74.6812,5.2809,0
6.4859,215.7731,9646.5577,6.2588,325.92,443.485,16.8683,94.2711,4.9231,0
9.1238,222.7862,12418.1974,7.293,346.8877,310.5489,13.2387,55.158,3.7435,0
8.7774,180.6156,29304.9193,7.2022,292.9494,547.6596,11.8234,74.3213,3.3716,0
6.6777,195.4582,17926.8838,6.215,273.0098,439.7972,16.834,72.4896,4.044,1
7.1672,173.4495,16366.4106,7.5,316.9537,394.4594,10.7956,61.0739,3.9912,1
,172.6442,12722.581,7.7485,314.4436,431.9453,12.5306,,4.1987,1
7.5281,222.5149,25861.8871,10.0851,280.0007,345.2875,10.6331,54.449,4.9189,0
9.845,266.262,11774.48,5.9233,291.4624,440.4199,7.7054,87.2822,3.8876,0
5.8179,218.1057,32474.0753,7.1253,406.2628,552.3564,14.7341,36.1791,3.3147,0
5.4241,208.6041,23744.2855,5.4917,356.9458,391.3044,17.6997,72.4615,3.4835,0
8.4638,212.7714,6981.5985,8.9186,337.2164,445.2784,16.1245,80.6487,3.5318,0
7.2686,221.427,17623.5602,7.7824,399.016,418.217,11.8113,63.9962,3.2762,1
,192.8235,13289.6842,8.0965,400.7555,482.2804,16.3279,69.7328,3.6146,0
5.6948,193.4066,26655.5392,7.9138,326.9142,522.3362,10.9293,43.7379,5.0123,0
5.9679,215.7796,26457.1013,9.9931,426.4607,259.3644,4.8456,83.1366,4.804,0
6.2898,247.7792,17781.5719,6.6523,,420.0999,12.6831,74.6203,4.6374,1
,197.9879,16444.1273,7.5936,252.0543,340.3575,15.9123,80.6921,3.4956,1
8.6488,141.2736,25689.4055,8.0263,298.3003,354.9706,8.9298,80.3272,3.0748,0
6.9499,220.9006,16556.3317,5.474,365.2144,488.7509,13.1862,38.5021,4.3715,1
7.407,202.0029,33321.6079,4.7066,,549.6796,14.4948,67.2552,4.3121,0
6.0943,169.629,16247.3242,8.4647,432.5609,376.7059,15.203,49.3683,3.6199,0
,168.2121,24873.7324,7.3544,412.6707,498.9523,19.2663,87.6242,3.6129,0
9.1653,92.1681,4977.1223,8.4232,,318.5731,11.275,84.0124,3.539,0
6.8033,170.1606,25104.2533,7.1221,301.9298,443.6204,11.6596,71.7213,4.4878,1
,188.2319,16537.9598,6.834,287.3433,454.3892,14.9657,7.057,3.3399,1
10.238,211.9855,24160.631,6.8147,371.5285,350.2624,17.7645,86.6073,3.7723,0
,193.6162,31370.263,7.5078,299.6937,487.418,14.8801,81.4033,2.3634,0
5.8811,163.1287,20327.2785,6.6255,340.8827,490.2857,12.8371,34.0235,3.7426,1
4.7071,181.9314,341.914,6.5461,,397.2991,13.4735,30.9315,4.2377,0
6.7624,196.8236,4246.6748,9.161,359.1419,377.4599,19.2151,105.1441,3.652,0
8.9574,214.5595,22512.8924,8.8255,,493.6197,16.8157,34.6958,2.6217,0
6.3955,204.7927,14085.7959,7.1494,346.9839,491.0564,16.3208,60.328,3.9149,1
,223.1744,11852.9696,9.7234,413.7048,468.0435,15.0351,35.2511,3.7057,1
6.4729,132.8241,30502.6826,6.403,324.6296,527.1396,17.8497,,5.0161,1
8.1549,202.0857,19760.271,8.6369,281.9853,446.4315,16.4805,81.1259,3.8469,1
9.2494,204.9289,29697.3673,8.8917,377.42,449.229,15.4316,48.1746,5.0995,0
,164.743,29531.3538,6.8064,212.7897,392.9121,13.177,82.5419,3.7786,0
6.7754,202.1471,18281.9989,9.8082,,459.0243,13.6773,40.0702,3.4984,1
6.9061,178.6567,22756.4398,5.4521,,450.5348,15.3116,36.1991,3.7305,1
6.2847,155.9446,11485.8771,7.1419,315.1679,577.1929,8.8052,61.8318,4.1325,1
5.4423,153.3839,25045.3358,6.3437,286.9713,520.1973,11.9044,86.6109,3.9686,0
8.4085,213.1994,21287.1152,9.4551,333.2926,392.0917,10.7154,64.3754,3.5908,0
,214.5218,35087.8156,7.7461,295.4916,335.4531,15.7336,59.7574,3.277,1
8.2612,231.2086,28737.7117,6.0454,291.7936,338.8146,19.4746,69.2064,4.1119,0
9.4311,220.1649,20116.0319,6.9842,334.3058,422.4202,17.1896,86.5259,4.1528,0
6.6668,211.5982,15644.1554,6.071,377.0631,356.8443,14.9228,76.9371,3.8874,1
8.0005,160.9529,19609.0705,8.8957,348.6463,356.279,9.9472,53.0513,3.6792,1
6.6119,189.3164,21485.7233,5.9848,351.6782,369.9346,20.4643,92.3885,3.6425,1
7.075,186.9568,27934.7395,5.9885,,419.5603,16.1393,52.9906,3.2363,1
7.6954,261.475,30218.1199,7.8063,,325.405,18.0937,84.5123,4.0832,0
6.9664,167.6022,11164.7921,6.4474,,326.0817,15.448,67.0526,4.5138,1
4.9855,153.8951,12515.9663,7.5619,347.9576,472.0137,16.6265,55.2069,4.8157,0
9.4248,163.2246,24298.0103,7.3938,326.7433,408.1639,18.3355,82.747,3.707,0
7.4296,228.8283,11069.2699,6.3999,288.3138,430.7156,12.948,63.9852,3.3188,1
5.5232,175.2914,20619.2957,4.8604,339.6874,551.5059,16.7243,62.1198,3.138,0
3.9598,219.9403,6203.9215,3.8736,,358.9489,7.3698,84.9827,4.3362,0
7.1731,179.3986,18591.8266,7.3596,,425.4793,17.5209,59.3546,3.6803,1
8.1703,229.7425,17517.556,6.6621,405.0204,593.2429,16.6736,70.7333,4.0999,0
,145.8507,18642.1792,7.9876,374.7427,563.089,14.547,97.5615,3.7362,0
,181.4739,15846.6399,7.4376,262.5317,530.0413,17.5195,61.1185,3.3118,0
6.6494,215.5415,25540.1471,7.0399,300.4787,301.5605,24.203,91.8479,3.4016,1
8.159,188.5019,28972.6017,6.6103,342.4307,375.0635,16.0762,,2.4663,1
4.9407,166.795,27592.3558,8.476,316.2858,436.993,14.9108,57.4742,4.4902,0
7.4324,242.9004,19041.5806,2.2696,326.5904,334.2598,12.0945,73.0351,3.9868,1
,150.2686,18709.665,4.4927,346.3782,343.5135,14.8128,58.7647,3.6079,0
6.312,168.3576,15685.496,7.8323,284.1592,541.0578,12.5791,58.8145,4.4541,1
6.9736,233.134,15186.1949,6.916,346.7597,276.0253,17.8449,75.2403,3.8087,1
7.3668,251.7602,19919.0254,5.8712,355.5093,352.8778,13.6981,39.696,3.0169,1
7.4139,195.8915,19881.2058,6.3237,364.1186,369.1309,15.3754,48.735,3.9889,1
9.4029,155.1526,19541.1206,8.3559,,633.5078,16.0833,79.1969,3.675,0
5.6213,154.327,23361.0627,7.7734,345.3407,417.1869,15.5263,,4.7992,0
9.1825,167.9974,28617.4452,7.3402,336.2956,370.6278,14.8908,101.7218,3.5497,0
5.3739,193.1015,15914.0608,4.4324,365.2697,347.7837,15.2123,4.0622,3.8693,0
6.2285,239.6166,19360.2936,8.6329,261.579,377.1511,13.1466,62.0587,4.6111,1
6.0688,225.6923,26086.5155,6.0284,290.0572,533.1674,16.0096,33.7622,4.3592,1
7.0833,227.5233,23112.3143,8.0253,,406.9351,15.4389,44.9067,3.2786,1
,179.96,14567.614,7.8906,357.9041,469.1153,13.8791,,3.602,1
7.9216,220.3967,11378.0254,4.5128,,360.426,12.8124,73.4978,3.3839,1
,222.1796,26962.6473,4.9857,255.4923,528.4663,20.5883,68.0513,4.2129,0
10.4515,223.8044,12390.5296,4.7413,291.477,589.2821,14.0801,67.5319,3.7738,0
7.7796,195.713,24955.3448,5.547,357.0163,442.7995,19.8114,52.4143,4.0899,1
6.8395,182.9437,12952.7067,8.1069,,386.9785,17.9777,62.7984,4.0014,0
7.7622,232.5092,36409.8075,8.9039,,321.8375,12.2252,74.1697,4.3473,1
8.0914,247.4368,12546.1365,7.4964,,475.4757,15.5063,46.4429,2.7894,1
6.9314,189.0806,36974.5581,6.8,272.1801,378.3768,13.4262,61.8105,4.4153,1
5.5731,207.9291,27931.3697,5.9714,343.3886,564.0957,14.3245,39.3869,5.2106,0
6.0261,232.0182,33405.2014,9.4482,333.4175,474.8948,15.2792,18.4331,4.5221,0
7.4735,246.1841,32139.7528,7.0841,359.1912,328.4758,20.153,56.4129,4.8939,0
8.4388,253.7758,26160.2825,5.8001,326.1662,354.1122,13.3016,45.1384,3.4635,1
7.9208,197.6222,19163.8497,7.1391,,341.4818,18.7466,,4.532,0
7.0844,238.0673,42574.0401,7.9792,286.3013,487.507,11.958,62.9453,4.1472,1
8.0423,157.5752,18282.8896,6.4446,322.8353,561.5189,15.0784,68.0572,3.8205,1
6.4877,125.0561,23396.0368,6.3942,,455.7393,16.1343,74.5375,5.9107,1
7.5942,182.6464,10381.1948,4.7316,386.7266,373.1679,15.1468,91.6677,3.1722,1
9.3033,208.0217,21745.8549,7.9081,242.4588,529.1469,8.4326,38.7983,4.7753,0
8.8548,147.6228,26832.4095,5.9567,267.6123,415.806,13.585,83.5522,2.7494,0
9.2064,191.7631,15883.5599,8.0685,,454.3892,10.3247,,3.5279,0
6.6665,202.2648,23034.4867,7.2929,313.4351,322.8634,15.2836,66.778,3.3925,1
7.5112,195.8228,19418.1724,7.4085,407.0505,437.0357,14.7042,82.0343,4.3934,1
,205.3548,18949.898,6.0798,346.7362,461.2275,12.2044,80.775,4.8361,0
8.5618,233.0003,27182.455,7.7897,,328.492,18.0648,92.5304,3.8691,0
6.5847,188.0114,29279.5766,5.3049,,494.5836,17.2837,39.661,3.8824,1
5.2688,181.4585,15575.8386,7.3416,344.0397,485.4207,13.0535,57.8818,3.2819,0
,214.2805,7213.7671,9.4744,361.6999,485.9949,23.3004,76.993,4.4543,0
7.5809,231.19,25836.1908,10.5747,321.3418,181.0,14.8015,64.6759,4.4517,0
3.9602,182.3364,12627.463,5.4423,331.7604,576.5564,18.1595,54.8159,3.3317,0
5.1242,240.8721,18005.596,7.8788,,392.701,13.7173,71.9898,4.434,0
8.6593,220.6084,14880.2168,7.1825,216.6566,415.0613,9.6814,88.5275,3.1409,1
7.3483,184.1553,30366.5108,6.5638,240.3355,320.2706,18.3705,79.9658,4.8525,1
,195.4308,40438.1543,8.3432,359.2197,395.203,16.3901,46.5552,4.0567,0
4.8396,170.8988,16906.6056,5.087,360.4831,404.2947,8.3509,63.6494,3.1227,0
9.5371,218.738,40334.4453,8.0224,343.9737,520.0029,14.861,75.8346,4.0388,0
8.7166,199.82,23241.4903,5.7277,,333.6583,14.2421,81.126,4.6377,0
8.2388,260.9743,19018.8102,9.215,352.8801,448.7708,16.7761,73.5823,4.4753,0
5.5697,112.5811,31370.3804,7.5803,303.5964,463.5469,15.4569,,4.2412,0
8.0557,156.923,38219.013,10.9717,308.2767,407.4464,15.3364,46.7515,3.1431,0
8.887,179.8603,19897.4292,9.0496,,423.3405,18.9768,75.637,3.5199,0
6.7239,213.4765,19097.7613,7.4432,,456.0303,12.2837,48.6591,5.2391,1
6.8385,184.6801,37677.9309,5.0802,,293.7383,13.2816,31.3401,4.0579,0
6.5083,173.2127,29359.6632,3.348,351.6598,394.6744,13.4242,63.5904,4.6423,0
,210.1872,320.0,7.4519,300.1072,378.2136,15.177,47.4591,3.9035,0
6.8565,182.6871,20435.8987,6.6359,390.1335,440.2481,13.5897,,4.7883,1
6.7369,204.281,14984.9059,8.6446,355.5367,598.1201,13.4769,80.4516,3.3546,1
5.0655,225.5345,16799.0021,5.7803,,353.9048,11.7148,61.5634,3.9611,0
4.7588,228.1802,22843.7749,7.2546,304.3062,579.9652,11.8343,61.21,4.624,0
8.5812,145.9401,17733.0024,6.0598,,377.4524,15.1599,43.6068,5.0228,0
9.5171,172.4974,18344.8119,7.7285,308.6646,430.6585,12.3782,83.0048,4.0899,0
8.4731,210.8105,39497.5514,7.6814,401.3027,467.7378,14.323,42.0684,5.0778,0
9.2868,190.7436,7923.6086,4.8612,409.0971,276.3954,17.6682,68.1019,4.2615,0
6.4072,171.5461,23195.2199,7.1314,325.218,562.3039,16.0141,82.6511,4.2396,1
7.1277,216.1313,26852.8592,8.8054,381.1358,442.6203,18.0944,79.7514,3.6254,0
7.7482,199.3748,9442.8324,7.7271,,445.688,8.6686,72.7962,3.8015,1
6.9562,211.29,12078.5228,9.0845,363.8499,581.8033,12.393,77.8523,3.1529,1
9.6541,225.6466,12103.2952,5.8613,338.524,403.5759,13.3851,68.4783,4.2219,0
,184.4392,29044.8037,4.4419,,458.3089,14.9668,51.3846,3.8096,0
6.3549,229.7999,12523.6981,5.8974,332.6875,312.1088,14.6753,66.0016,4.1493,1
6.6836,202.5153,26039.2351,5.2786,357.6689,483.1194,12.5238,44.259,3.5943,1
6.1568,205.2956,11555.7846,9.6911,,415.4719,16.3641,95.4719,4.0399,0
8.4372,229.9161,11028.4037,7.3328,320.6819,407.4238,15.4863,82.1709,5.8119,0
4.2624,144.685,25563.4613,8.5153,354.6637,410.0486,10.8591,53.4105,3.9366,0
8.8682,143.2782,28799.9509,9.5299,343.9961,501.1525,15.868,88.1464,4.4454,0
8.5266,159.6615,10223.6892,7.4919,333.1056,384.0938,10.7813,81.5324,4.3635,1
7.6629,224.4698,12996.6336,3.8691,303.0205,490.0041,20.2197,66.8076,3.0042,0
9.2508,200.6302,23825.2402,3.5695,,449.1873,13.7137,91.1035,4.3774,0
10.6511,178.7902,13359.9034,8.2286,,260.8722,14.3696,69.589,2.8291,0
,163.1158,11721.7815,8.4201,335.9693,458.1139,17.3397,82.6756,4.7826,1
8.2746,141.7927,12393.7279,5.4013,359.0464,456.347,11.5726,72.9837,3.6238,1
7.7801,206.1685,24186.0947,7.8448,,372.5158,9.1764,53.8531,3.5742,1
7.9719,195.8758,320.0,7.9999,319.0143,373.8719,12.915,41.8747,3.4839,1
6.4636,208.9854,36629.4246,7.3037,,421.2529,19.0117,77.3202,2.6381,1
6.15,226.0391,35274.4333,5.087,,466.6169,16.815,63.1672,3.9238,0
8.1047,205.7993,32337.2549,8.9438,319.9803,461.2958,10.8733,68.6925,3.718,0
6.4445,240.2468,19779.8034,5.543,303.3722,307.2152,12.3114,67.1784,5.0102,1
,183.4927,15792.9694,7.8856,382.339,425.8793,18.4112,82.8843,4.1841,0
8.3853,245.0694,26133.1009,4.8545,309.0232,310.2297,20.549,68.8099,3.0441,0
,210.3796,12085.9697,5.7158,365.1767,437.9844,10.8328,,4.9283,0
7.7524,179.3057,40008.0091,8.392,387.4341,452.558,13.6444,69.2617,3.7282,0
7.3343,202.3911,16324.129,5.5047,,359.7236,14.2446,65.687,4.3362,1
7.0182,266.4146,31764.7051,4.6502,262.6993,397.7882,8.4937,59.3374,4.3052,1
8.8869,156.2057,28497.6522,6.9107,314.637,235.0496,16.0991,60.3816,3.5326,0
,177.1295,17759.082,6.8083,348.4178,389.7429,16.9987,72.2055,2.6152,1
7.5669,182.9413,19562.898,5.303,331.8914,248.1777,15.2437,83.1339,2.9438,1
4.3749,201.9912,14439.0348,7.641,,408.2545,12.056,79.2646,3.5756,0
8.1035,198.5301,22423.2915,7.9866,402.3697,445.7833,14.0551,55.802,4.6476,0
5.1121,256.5677,26684.494,7.4313,,432.0058,16.1228,59.4403,4.3764,0
6.659,189.9308,21680.8099,9.7087,268.8179,503.7144,12.8764,46.976,4.5369,0
,217.779,18604.9214,6.1868,311.8587,445.193,13.238,80.9681,2.7827,0
9.8494,180.1753,21806.3508,9.1193,290.6895,448.3256,13.7034,64.6987,2.7058,0
,160.6979,32245.7174,6.893,322.7546,406.1473,17.6735,81.3853,4.0514,1
5.3826,191.5152,29303.5434,4.9295,,487.3601,18.7534,61.4578,2.7473,0
7.8162,188.4502,25875.4535,5.015,304.3212,382.3049,16.6641,65.7575,4.6817,0
6.645,218.0763,16203.6612,4.5969,263.6103,564.5051,14.3647,69.7416,4.0527,1
7.7284,238.7497,17540.1471,3.9789,419.4553,409.9589,15.5848,51.2325,4.8177,0
5.254,181.8277,25808.6593,7.5696,,469.6126,15.5771,54.9682,4.202,0
8.875,231.2976,18225.91,4.3873,,420.7323,11.7863,65.135,3.8046,0
,163.6887,15666.9768,6.4943,305.4873,499.2508,18.4458,67.8015,3.8021,0
5.1071,252.4505,33332.264,7.172,,366.3464,12.2905,69.9202,3.288,0
6.0997,149.1042,22509.2577,6.6444,359.7379,460.8593,14.9402,49.9974,5.2698,0
6.2108,179.8745,23569.0282,8.3893,304.3944,360.0308,11.231,47.8895,3.0203,1
8.3097,204.1781,16526.5999,5.1561,,558.5597,12.6788,76.7742,4.1762,0
4.3445,184.1236,23989.8175,5.5693,354.4517,377.8781,17.2293,50.7879,3.2625,0
7.539,159.9148,28540.8513,8.6733,326.2852,410.9183,12.6781,68.3338,2.7228,0
6.8982,218.6013,23904.0541,8.6124,422.3829,321.2593,9.8463,55.9229,5.1376,0
6.0713,163.9776,8857.846,6.8768,269.1131,370.5474,7.32,72.3235,2.6462,0
8.268,226.8848,17366.7123,5.4079,234.9376,327.8639,11.1829,71.0975,3.3848,1
4.3712,149.2822,26156.9713,5.8139,351.136,306.268,12.317,81.977,4.3834,0
5.2246,229.1551,23505.4583,8.1431,314.6695,502.4678,14.1693,94.0642,5.2204,0
6.0858,222.467,30121.1678,9.7531,380.7669,332.8251,10.4523,48.7439,3.9262,0
8.2785,212.6764,18907.7451,5.962,317.7557,343.6113,13.8049,88.6447,2.8028,0
6.7258,229.4309,21010.6301,6.7117,370.5398,446.9633,11.6806,58.9428,3.8191,1
6.0189,189.3875,29287.8259,5.4811,290.7286,622.4908,15.2822,68.8395,4.3145,1
7.9433,194.1329,21031.0996,8.6537,361.7739,232.2965,14.2923,68.9337,3.5186,1
6.5327,232.8312,28837.4343,7.1106,275.8724,484.1437,11.9814,58.4588,3.5412,1
,162.5553,6373.4626,7.6749,232.1109,425.7775,11.7282,90.1855,4.7828,1
6.7963,187.1837,13193.0221,5.9519,286.1313,485.1676,13.6165,52.2668,4.7742,1
7.7395,188.7966,29353.9339,8.8858,294.2346,410.0177,14.7333,42.7592,3.7916,0
11.2017,188.4057,28350.8886,7.8132,386.7754,473.8572,12.1495,75.348,4.5669,0
5.6459,186.7879,27976.2948,8.5335,322.0341,512.7976,16.2758,65.0898,3.933,0
,117.4835,29284.4452,6.5515,356.0381,376.9752,12.4135,57.9595,2.3983,1
7.0193,194.975,29367.5115,6.0191,,256.4546,10.6132,96.5801,4.5469,1
6.8673,204.2991,11799.4259,7.5684,247.134,308.0697,15.9989,57.4958,3.0302,1
9.4819,235.0953,35099.3104,7.4422,,407.8883,9.9349,58.1268,2.4273,0
8.3899,220.6421,28824.0033,8.9096,314.389,453.2371,18.89,44.9489,4.2933,0
8.241,176.3268,11218.5884,8.8652,352.215,475.41,13.2372,71.1844,4.3686,0
6.5919,186.5441,10021.1762,5.0295,346.3673,340.4075,13.7649,81.594,4.1736,1
6.0144,165.2996,24812.7373,4.0951,314.4302,415.5415,19.8373,73.8236,4.514,0
7.6924,183.6491,15482.3966,8.9121,357.452,390.9839,10.8472,103.1858,4.3946,0
6.8417,175.6929,25718.3154,6.3706,,450.3482,17.975,52.2711,4.5263,1
,230.0919,18774.3559,6.3209,,439.2588,14.7979,74.3232,4.1069,1
8.2492,207.3477,8388.7253,8.094,372.7396,354.5646,15.1684,61.3307,4.4201,0
5.4948,214.2694,14019.4918,7.2246,304.3868,504.2191,18.2077,60.2616,2.7418,0
6.1993,183.2215,17991.7284,7.0876,328.2707,334.5589,19.6322,,3.526,1
8.4248,190.1532,21159.2157,7.7291,,574.6247,15.9559,66.3959,4.9244,0
,211.577,28051.191,6.5211,373.1752,417.9291,15.8551,55.9803,5.4239,1
8.2502,169.6965,15591.3759,6.8361,301.5975,468.6029,13.7228,68.4262,5.0577,0
6.0194,211.8251,25276.9922,6.3333,303.8026,404.4759,10.9435,62.2863,3.9273,1
8.3066,223.1252,19311.525,7.5052,380.2779,502.6857,10.3586,75.7427,3.284,1
,176.7034,20155.3022,6.1762,314.9287,348.3324,17.4218,53.82,3.7359,1
9.2665,195.1417,1385.1133,9.3376,353.8725,307.2823,14.3926,68.9774,4.4254,0
8.4396,167.9445,16901.4641,7.7261,,483.5541,11.5205,72.4099,3.7219,1
7.9607,248.3796,8804.1909,6.9209,,233.4764,13.4549,47.4525,4.0109,1
9.5351,209.7533,27047.2123,8.5845,344.3931,288.3176,15.7566,86.4674,5.4294,0
7.7952,230.4447,30560.0174,7.5765,335.9006,490.6405,13.4609,59.7773,4.5853,1
6.3559,188.5925,24964.5575,8.3626,,455.8553,15.4044,65.9015,5.0712,0
9.5654,167.6021,39033.5335,7.978,,487.1447,16.5515,,2.0133,0
7.7948,192.7062,23492.4578,5.0488,373.2442,327.2041,18.3311,47.2233,4.1559,1
9.0778,240.0623,28449.3019,8.9049,310.5509,181.0,10.7798,94.4141,4.64,0
7.5131,247.9178,18289.0129,8.6254,314.9639,268.8757,13.2637,42.0204,4.2205,1
8.998,220.9152,24344.6842,6.5186,,327.4074,14.8455,56.9202,3.6672,0
6.0217,195.5275,12435.7483,11.0228,331.0646,648.2916,14.527,58.3414,4.8159,0
5.4373,209.03,18629.0107,5.1031,296.8521,285.2876,16.2547,87.3361,3.2204,0
5.2327,230.8814,30142.6577,8.7312,335.1767,403.9025,8.85,66.5302,3.7212,0
8.4127,163.3849,21148.9493,6.659,,403.8844,10.9307,66.5522,4.3567,1
4.4122,224.6844,18371.9073,7.0057,282.3872,522.1589,17.6304,76.3023,3.7079,0
4.6816,170.1801,20217.5368,8.4997,299.0252,458.0893,20.03,79.2077,3.5549,0
5.2171,204.8986,25529.2284,8.727,,431.262,14.2463,,3.2355,0
,219.9194,33019.9307,8.3994,353.9273,515.0621,10.6231,80.4718,5.054,1
7.9442,205.6194,8261.6956,4.9819,344.0899,372.3927,9.1816,71.6277,3.1439,0
6.1064,199.7996,21055.7225,8.8037,,468.9241,16.445,56.7124,3.7783,0
8.4606,237.9912,20055.7214,6.0982,360.1951,467.2857,20.0328,55.3169,3.4835,0
7.7745,183.9532,19141.6568,6.8724,346.4914,317.4976,17.3734,66.8551,3.7085,1
,185.638,20996.9467,7.4096,,373.5575,12.8595,47.6599,4.2614,0
,167.1797,25661.6153,4.9754,345.4316,357.8009,15.8525,64.7795,3.0471,0
6.2961,202.801,31302.3463,8.8824,332.3686,386.5662,9.0088,68.0961,4.8564,0
7.6024,220.9476,6344.4365,6.8122,353.3271,415.0054,11.6385,76.0142,3.185,1
,193.3759,10945.819,5.3964,,361.6581,13.3548,73.5299,3.9885,1
7.9896,135.8937,22159.5712,6.1318,,405.6588,11.8657,69.2149,5.307,1
7.6109,210.9295,8647.7764,5.1388,318.9142,345.7677,9.3522,104.2909,4.248,1
7.3508,217.0019,25090.1322,5.2994,277.4711,362.9801,17.9591,,5.5744,0
8.359,169.5703,13789.4566,7.693,387.5458,480.4651,16.2766,75.0238,3.6296,0
,189.4905,19955.3496,7.9087,,418.176,9.7088,26.18,4.1675,1
8.3933,197.8203,11063.4702,9.147,294.8434,415.289,21.9684,56.3101,1.9291,0
7.3689,172.2479,13217.1882,10.7354,364.0994,367.6612,19.9134,70.2182,3.5044,0
7.0867,205.3677,44659.663,8.4615,384.9064,276.3397,14.7541,121.3973,5.0523,0
8.672,199.5414,18191.7939,3.3597,336.5126,294.9039,14.7686,54.6565,4.3594,0
8.7177,159.9035,33533.9187,8.2426,310.9495,460.8335,8.8133,58.1811,4.3045,0
9.1394,109.0117,20683.048,7.5837,327.7272,618.4799,18.3318,59.32,4.1245,0
,167.2083,26542.8365,8.1904,332.9186,542.1001,13.3534,91.261,3.8992,0
7.0099,241.7213,14093.4964,8.5498,320.4026,393.1659,17.6812,63.2268,3.2829,1
,234.9625,25320.8859,7.4488,292.145,416.9161,15.531,97.6401,4.3554,1
7.5523,186.4894,16491.6601,8.6388,328.1775,412.5196,13.9226,75.5722,2.8219,1
4.7421,162.4451,320.0,8.2938,307.419,427.1434,13.0829,63.9658,4.0049,0
5.6738,242.7631,320.0,10.5229,340.258,423.6699,9.3214,66.1275,4.6649,0
9.5587,218.928,19910.4732,6.1531,330.1153,349.4818,14.8461,79.7555,3.5829,0
7.2343,236.3597,26718.3789,5.6193,305.0992,468.1995,14.1788,36.9815,3.6321,1
,255.7336,14180.1269,6.8521,390.7566,605.4307,12.2283,62.466,4.3349,0
7.1467,210.7056,11704.9443,11.1242,,342.3948,6.416,57.7572,3.2266,0
7.5564,199.3435,15983.2863,3.9906,,386.1125,10.1933,74.1545,3.8682,1
5.518,172.2889,35192.4386,6.8214,390.7908,461.8976,15.0166,78.5735,2.9447,0
10.658,201.1506,4937.735,5.3736,,347.6794,16.1694,86.616,4.6561,0
8.9706,164.9164,26547.8723,6.9973,338.1456,429.9729,20.6309,69.8209,4.3136,0
,230.7103,30858.8772,7.7827,299.0016,385.5457,10.582,62.5144,4.3116,0
7.0414,189.5049,9117.1036,5.6684,262.5737,298.2512,11.8733,72.0911,3.4079,1
8.025,246.9849,12767.8875,9.0878,307.5179,551.3014,14.9381,,4.6791,0
,185.6167,17389.0858,10.3382,212.4332,268.4828,13.1628,68.7998,4.526,0
8.0158,210.632,15025.226,6.4322,386.2068,472.5035,10.2074,54.5602,3.896,1
6.335,171.5417,29127.9637,8.531,338.6748,445.231,16.5925,,2.8023,0
7.5943,224.6289,21550.7679,5.7232,273.5637,456.1445,16.7036,,4.0602,1
7.5088,170.1947,16239.4288,5.4789,292.5407,440.903,12.4494,36.6685,3.3888,1
7.7416,238.1532,24001.7662,8.3512,366.4589,553.8408,12.1395,52.6918,2.882,0
5.7858,214.1165,31415.6936,8.3445,312.762,501.6268,19.331,,4.5551,0
7.696,137.7114,17639.9351,5.4201,385.4046,412.7502,13.2485,,3.9556,1
7.3124,152.3093,13710.265,8.1336,348.5174,451.8655,9.4325,88.6512,4.0786,1
7.6526,204.2207,28942.4751,9.3901,336.5957,517.8264,14.9043,72.4773,4.2895,1
7.6002,194.7136,35946.624,6.2599,392.2012,574.5702,7.3246,47.181,3.0994,1
5.1941,260.4815,34485.6723,4.6879,,349.4694,14.1531,61.166,2.7098,0
8.556,168.2445,28023.379,7.6268,349.3564,422.2679,13.2882,79.9337,4.4749,1
8.3967,189.8686,19624.3867,8.8003,298.464,315.4707,13.3043,65.2511,3.2745,1
5.3301,196.5005,28253.9183,7.1331,436.555,389.9979,13.065,75.6961,4.2878,0
,203.9952,26157.3159,8.0873,335.8557,429.624,18.7638,76.6493,3.9375,1
6.0462,251.8299,26686.9928,6.3064,310.1002,355.4491,11.5356,53.5595,4.0699,1
6.6273,193.7647,21087.4548,7.5607,340.5135,411.0503,12.1261,49.7151,4.1523,1
8.7585,145.5361,30413.1718,6.7324,342.8747,509.8024,14.1945,54.6228,3.9352,0
8.064,247.0945,29095.5974,7.445,352.6685,408.4237,14.1727,67.4052,2.8972,1
10.1871,210.2467,10565.7793,8.2707,389.1254,396.184,14.1694,77.4584,2.8574,0
7.4153,148.8869,27703.9601,7.0624,345.7731,282.431,14.9193,81.4927,4.3073,1
5.6373,175.2061,12895.0384,6.945,365.3988,426.8783,13.2296,,2.3206,0
7.4418,186.708,22604.5683,4.7188,345.8238,387.6417,10.6254,77.5284,4.0584,1
3.6915,200.7651,20365.4797,4.172,344.417,500.5087,12.7986,72.6232,4.4655,0
9.8774,222.4538,25812.5971,6.2325,377.8737,324.448,17.6713,56.3559,3.0147,0
7.6447,188.9766,17308.4671,7.0792,254.5721,444.0819,15.191,83.84,2.6704,1
7.9124,179.9033,18506.902,6.5068,214.7016,377.6135,16.7575,65.2234,3.125,1
7.4764,165.5019,17207.2429,7.1447,335.0023,493.685,11.0108,89.3742,3.0279,1
6.0014,191.3233,17415.0314,6.6192,280.6088,441.4843,19.0901,66.6313,4.6133,0
7.0707,199.0261,9304.3964,6.4121,268.1003,321.3064,17.5631,68.8454,4.2714,1
,211.6378,26217.6545,6.1316,358.2562,355.8279,12.214,95.7301,3.3952,1
6.489,127.266,16680.4649,6.9365,311.417,583.0609,11.3905,49.0986,3.7087,1
7.7168,168.1404,24748.9843,8.2193,327.7938,498.242,13.1269,61.2448,3.964,1
5.4608,211.9294,21648.327,6.6527,340.9805,444.5161,19.93,93.7865,4.0131,0
9.6244,250.8969,25381.3612,4.5287,297.7037,403.2115,19.1472,82.5769,4.8903,0
5.6523,225.7796,26790.5486,5.7518,357.4012,409.2231,6.7482,44.3016,4.5608,0
8.4267,123.2947,10491.51,5.7039,318.7074,377.07,18.4293,72.8381,4.0553,0
6.2689,134.3587,20759.9596,7.2681,,377.7133,19.0225,77.4942,4.6192,0
5.3777,214.7312,23435.3155,8.6501,312.03,417.8085,12.1823,71.8076,3.7229,0
7.7556,197.9473,15745.2326,2.7819,382.9714,453.7363,16.4174,48.0705,4.6266,0
7.4289,198.5787,16094.7129,5.9075,327.5368,288.089,13.4691,92.1201,4.1785,1
6.8488,260.0685,25020.8891,5.994,,288.5832,15.6949,40.3852,3.1922,1
7.0871,162.4831,32888.36,10.5537,305.6208,427.818,16.8437,47.1341,4.1085,0
6.2548,235.386,26568.4367,5.9696,,389.3535,12.599,38.1436,4.5896,1
7.7842,200.1158,27896.3927,7.9203,286.0759,370.7336,7.962,54.4386,3.6826,1
6.4517,177.5676,24604.7248,9.4838,348.509,510.7881,17.6965,82.0248,3.1972,0
7.1817,129.4174,38393.0906,6.3342,332.5043,463.4459,15.4118,70.65,6.1609,0
8.7722,158.762,22272.4169,6.8353,,375.6472,8.3711,67.1599,3.9113,0
5.2061,245.5048,29768.5044,7.0047,395.6384,334.3354,18.0602,74.0598,3.1814,0
6.3033,199.4705,51151.4447,7.4186,320.5455,445.8439,17.9173,85.1571,2.7966,0
6.145,222.4536,25149.3565,5.8152,360.6016,468.0144,9.8449,81.4777,4.8924,1
5.9636,215.2907,21770.6738,7.2913,,225.3356,15.6404,43.2636,4.7489,0
5.154,191.4986,8412.8419,6.2394,313.5304,459.9383,12.2089,68.1558,3.8127,0
6.7203,223.5828,7889.9766,5.956,372.8351,565.3231,14.2809,60.8949,4.95,1
,206.7731,40400.9918,9.4172,349.5517,456.8574,18.3002,77.0107,4.6724,0
6.9485,190.6134,22436.1782,4.7372,362.0053,498.0371,15.5375,78.6643,2.6684,0
4.7757,186.2427,14048.8793,8.6021,415.9577,356.7778,15.3794,48.5742,4.223,0
,173.1261,17652.3112,6.78,,448.0593,13.2092,47.4928,4.93,1
8.1363,205.7762,12229.9462,6.9804,283.9619,468.8355,16.6656,96.7793,4.0729,1
,190.5327,21808.0368,6.0658,,556.0734,16.6319,22.5052,4.3642,1
5.6412,232.2865,16271.3652,7.3036,266.4595,393.8224,18.3072,91.1664,4.7435,0
5.8485,186.5609,26921.5134,8.0241,300.8622,409.942,19.1757,79.3541,5.1908,0
9.9439,167.2717,34885.3618,5.4105,331.2413,565.8372,12.5095,91.8955,4.3528,0
9.6128,136.5311,26147.8917,7.9683,346.3186,369.2437,15.3182,30.2942,4.5861,0
7.7889,220.9921,22336.5676,3.7734,334.703,446.5232,8.6349,27.3433,4.3919,0
5.76,276.9105,22206.3485,5.7291,,423.1847,18.4041,60.7538,2.9,0
8.9351,195.4376,33903.9053,4.9793,318.3367,334.9227,9.8574,55.639,4.778,0
7.3491,125.1675,10462.9458,6.6127,348.5426,469.0348,15.7889,82.4546,4.455,1
9.5365,226.5472,13651.8996,8.0354,,408.951,8.9184,65.6492,2.7307,0
6.2508,175.0265,17148.241,5.8876,339.4304,405.5481,15.1486,61.5233,4.88,0
7.7726,218.9368,11568.8549,7.4825,204.8452,553.1453,8.0068,38.7906,3.685,1
6.7807,208.3027,26355.216,6.783,329.2339,228.982,15.2897,74.0822,3.9932,0
8.1855,219.5476,18649.4783,9.053,349.4215,444.6938,15.8014,71.5345,4.4929,0
6.16,200.4717,13651.3194,4.1717,287.6767,416.456,11.8523,65.2698,4.1578,1
8.427,187.783,26721.3854,4.2909,,446.0151,18.3385,74.5807,5.1776,0
6.5229,231.0181,21215.8834,6.5899,362.7956,404.6737,16.6884,59.1922,4.4092,1
5.7848,187.1954,25507.0072,3.9356,389.7585,375.1962,10.3912,58.7964,4.9382,0
7.9157,234.3298,21914.2029,7.2212,,427.8694,11.2671,70.498,3.0585,1
7.4278,177.2547,17396.5905,7.2894,,463.1615,18.9144,45.6881,3.8143,1
3.996,201.3383,12742.9713,5.554,350.0358,480.5258,9.4891,77.7172,3.1714,0
7.0237,172.5259,25963.9652,5.7219,282.7073,386.2994,18.6101,46.6918,4.1716,0
7.2334,226.4668,13942.5698,7.399,337.2926,465.28,15.793,84.7183,3.7219,1
,174.7801,30898.343,7.6417,359.8106,412.6851,9.9833,53.2376,3.6458,1
,170.155,24179.565,6.6192,376.2417,374.4287,10.5224,27.0846,4.1798,0
6.1428,227.0006,21679.9546,7.9315,365.0868,481.6396,15.5944,82.0399,4.2603,0
,207.3678,14950.4707,5.9534,,454.8918,14.7868,56.4092,2.7417,1
4.5991,193.7036,36252.4365,7.3873,,485.348,13.568,53.126,3.2733,0
4.9522,164.5263,19706.4822,8.7461,290.7104,409.5634,17.8377,,3.1593,0
6.245,194.8435,26739.8409,8.5929,342.8375,308.5171,17.1984,50.0329,3.6215,1
6.89,209.2201,16430.0753,5.469,267.7443,502.9477,10.8372,62.6371,4.9682,1
6.7922,217.7745,32087.8033,5.729,306.3713,421.5269,10.8354,82.6137,5.3644,1
8.0107,173.5677,25751.3269,5.7332,,355.9438,11.3651,72.8061,3.4703,1
8.1508,212.4429,31046.7065,7.3317,350.924,329.8953,11.6818,54.6103,3.1951,1
8.5567,135.3199,29253.4025,7.7089,,477.2407,11.7901,103.9054,4.819,0
,198.2843,20996.6413,5.0897,272.3851,447.6668,16.0633,74.23,4.2578,1
7.7995,166.9802,14513.5926,5.1103,354.7975,500.3308,6.769,,4.6045,1
6.0299,219.2298,22676.6702,7.2912,,434.1623,18.4821,50.5286,4.4849,1
7.6081,182.4493,16584.0313,3.3022,,367.9328,16.3551,94.9148,5.2068,0
7.7844,270.0762,18945.9292,8.4623,362.1535,386.0024,12.1618,54.4788,4.0839,1
6.3449,201.1838,36924.4114,6.9279,295.0942,461.6004,16.8601,79.5258,3.5364,1
2.3672,206.5659,30341.76,5.6755,297.912,344.7452,15.7875,60.0199,3.6623,0
,123.3395,25102.7565,8.5411,257.2298,411.9856,12.5903,53.437,3.598,1
10.8503,151.6601,28116.3812,6.954,285.4201,385.0821,19.0727,48.8882,3.8139,0
6.9352,228.7637,30174.4743,5.9516,352.7004,391.0832,13.6399,76.0791,4.7671,1
6.1435,174.2013,24407.589,10.491,374.9559,671.3681,13.7212,90.7759,3.7648,0
7.2339,231.7735,22008.7053,6.9765,,266.1826,15.9777,85.142,5.0253,1
8.711,173.087,23627.3143,7.1454,,448.5773,11.6963,86.1762,4.3224,0
,215.5256,26788.7083,7.542,,339.9296,18.5233,64.7781,3.8534,1
6.7753,170.1203,40381.9346,6.8492,268.888,592.3116,18.7469,84.215,3.6683,1
5.1967,209.8393,12747.9459,7.8936,287.7931,402.6232,11.039,80.7552,3.2819,0
6.6418,217.4717,23175.5733,6.2719,359.0704,410.2085,17.147,82.8098,4.3705,1
,224.8067,18086.843,8.397,354.1874,459.0787,18.8609,,6.2587,0
7.5943,172.1162,43221.8007,7.3303,330.5859,476.3786,14.4694,42.7698,4.4016,1
9.2858,154.1144,18237.6612,7.2479,335.1896,414.7211,18.7521,77.3843,4.1218,0
8.6212,213.7319,33638.6151,8.6245,299.081,526.4564,19.3106,39.1459,4.3864,0
6.2064,203.0889,28096.2039,5.229,392.2839,427.7959,15.333,59.2547,5.1053,0
5.6315,217.4655,27051.4516,7.0425,380.5977,510.7975,18.3967,73.3849,4.0326,0
5.0328,156.9826,32046.0137,8.0831,292.6238,397.3123,18.6706,76.8292,3.808,0
7.7233,219.8656,26467.1928,8.5711,,350.8914,13.9472,85.1019,2.9324,1
7.9083,190.4162,20294.3944,6.6903,224.2031,385.2663,13.2093,82.8967,2.8458,1
8.2314,161.3863,39182.3693,6.0928,367.2035,356.9606,20.783,66.9708,4.2531,0
7.5694,181.2901,12887.2812,8.4294,385.6717,299.7798,12.0602,70.6395,3.9613,1
5.2967,225.5088,6893.5166,4.2472,325.4811,364.842,19.1786,89.8031,2.7434,0
4.2509,201.3386,16221.5233,8.7541,,332.1841,13.8107,44.9924,3.459,0
8.7045,200.7386,28948.0534,4.2823,287.772,472.3769,16.5478,42.1876,4.4044,0
5.8377,198.7479,17145.0342,5.4393,314.2594,549.1028,14.627,63.0053,3.5394,0
9.8505,183.4909,23764.172,8.5324,403.8601,340.639,12.4955,93.5117,3.1246,0
3.9686,235.5283,30986.0267,6.9652,378.3575,435.0753,16.2803,91.8347,4.8095,0
5.4417,196.9195,28897.6966,5.6402,368.8406,353.9165,16.3842,,4.1403,0
5.6892,149.564,26532.4051,8.9766,,502.8439,12.2811,74.0018,4.2242,0
7.4491,149.7267,32568.3793,7.5566,303.4002,531.8742,15.7819,72.2396,3.7769,0
8.0349,178.3451,23450.0749,6.1621,355.8481,381.4594,12.8516,38.3395,3.6143,1
6.2484,183.8806,32368.0766,7.982,293.7064,481.7829,15.1791,73.7687,3.1262,0
7.9333,219.7416,24886.8562,7.6467,309.9983,283.0378,11.0205,64.8025,4.1881,1
5.1468,112.1856,36206.5993,6.7238,,455.1528,11.4715,66.9883,3.629,0
6.3214,220.8193,32611.5002,8.2494,421.9583,496.778,19.6669,80.3711,4.8017,0
5.2755,234.1398,23930.199,7.8361,279.4848,447.4729,17.9937,97.5783,4.5962,0
6.237,180.8453,33304.4572,4.8997,,481.2426,13.8448,85.0389,4.0722,0
6.112,236.6976,31273.0732,7.4266,299.0002,520.6532,15.564,87.8842,4.4799,1
7.4986,174.2775,30663.0224,7.546,,618.1996,14.8451,76.2303,4.4669,1
12.1011,190.9369,26457.5591,7.8368,366.2149,436.4139,14.5889,86.312,3.2931,0
5.039,180.229,13567.7295,5.6745,,425.3617,19.4128,65.2036,3.4758,0
6.753,248.0876,19171.6908,8.6117,407.6355,483.4892,15.4748,71.9645,4.3946,1
8.0538,233.6451,31410.884,4.7232,283.8126,367.0037,12.6056,71.7173,4.3794,1
7.1529,231.8759,34619.6718,6.3156,283.7389,497.8992,9.4727,113.6821,4.3184,1
9.1315,159.4801,10319.1297,6.5903,313.64,355.3975,9.4393,31.6787,4.206,0
5.5467,199.576,15684.3263,7.1682,379.7703,437.0404,19.7086,60.4514,4.2832,0
8.187,159.4986,5857.9001,6.7776,338.3238,362.2305,15.9298,58.6117,4.4148,0
5.8984,201.4579,11981.4524,7.3777,,332.1903,17.4828,60.6329,4.4433,0
8.2504,214.6335,28711.3608,7.8938,372.0491,430.4024,16.31,72.4316,3.0288,0
7.2932,241.0334,18141.4545,10.158,,353.7379,12.4152,77.236,4.2353,1
7.4115,191.8043,27729.871,6.4935,,331.7634,12.6862,49.7602,4.4856,1
6.1865,204.0214,35772.7744,8.1245,358.3617,403.7773,13.7315,50.0259,4.3164,1
4.3339,191.9397,8481.0116,6.7283,327.4407,350.128,7.3659,77.8286,4.7209,0
5.4271,161.7471,24547.902,7.0207,356.445,443.3186,8.5989,80.0607,4.811,0
8.0879,250.5022,26269.7156,5.8733,370.7108,465.3494,12.5194,100.8658,4.4235,1
6.662,209.0522,27375.8857,6.3643,366.457,460.1614,11.0493,82.2409,4.4784,1
8.1304,243.6135,32525.7487,9.1486,363.9857,571.8269,13.0575,66.1221,4.3872,1
,223.9578,33628.7871,6.9908,345.7249,421.5118,15.7553,43.336,4.4275,0
7.9887,155.1783,28632.032,7.5658,332.4254,396.6047,20.622,,2.0843,0
8.5281,176.3289,15559.781,5.1977,,443.2477,18.6126,62.2361,3.5465,0
3.8039,218.9833,33723.9094,7.9258,355.6306,383.3015,11.4994,,5.0907,0
7.5206,224.5019,42220.9945,7.8967,377.2455,316.3343,11.0194,71.6832,3.9354,0
9.8981,219.0369,14345.6987,7.6937,403.4485,465.7274,15.6661,59.9462,4.27,0
5.9418,196.7242,22895.6946,8.8089,353.116,359.0262,13.5478,50.446,4.5444,0
8.5173,224.7484,26936.5054,7.1566,352.0439,357.1262,14.9379,56.945,4.4597,1
7.1119,164.4518,20735.8311,6.1965,316.5898,395.7796,14.6357,82.1331,4.07,1
,188.5255,25947.0377,7.8653,276.29,428.9128,16.0736,75.1076,3.7186,1
6.4876,158.8178,26456.7985,7.7974,,386.3408,7.8446,104.1977,3.954,1
5.9169,229.0042,33574.5794,9.8566,,246.5509,14.7971,69.1468,4.2913,0
6.4276,208.8223,21000.2775,6.503,289.2564,425.6615,8.7404,110.3502,3.0581,1
6.522,219.6192,22631.1764,7.3362,388.5286,443.7372,17.2695,61.6549,3.693,1
6.1922,187.9118,40598.6623,9.2566,,452.3875,12.8341,68.9216,4.3908,0
5.7659,113.405,33319.7826,6.9792,369.4861,561.9451,11.9223,61.3057,4.4122,0
8.6782,170.5746,19965.1334,10.7008,319.627,348.3836,16.4388,68.2321,4.3553,0
6.2049,201.4896,13429.1261,10.6009,396.107,573.5821,16.7848,56.4892,3.7636,0
5.2864,198.2243,23417.2561,7.3145,431.7411,456.3375,14.3258,94.3608,3.7531,0
,226.5445,28480.9696,8.2742,,370.5112,17.2783,70.5586,2.7575,0
7.7754,233.1422,21774.011,8.6598,410.1076,569.8483,10.4239,65.7629,4.0176,1
,178.0732,11846.9084,6.2165,352.3767,406.5827,15.6423,51.4955,5.1474,0
,222.2129,12909.2917,5.8717,367.2484,509.7418,16.0877,74.0048,4.6705,1
8.1089,139.7116,17698.9814,9.0758,272.9863,335.3297,13.4667,69.7314,2.7708,0
8.9357,218.3287,23567.447,8.6711,,513.671,17.0441,56.8012,4.078,0
6.4135,127.1509,25794.8959,6.5676,330.8341,500.4631,16.9148,59.3603,3.6405,1
5.8563,212.9312,33130.1579,6.1915,,405.5655,19.8891,74.4831,4.3624,0
,121.5951,17062.4793,5.3088,321.6919,546.0755,13.1482,56.8056,3.7606,1
7.2696,212.6116,15942.8936,4.8948,323.8987,319.8696,11.1425,42.8174,3.8529,1
,248.7613,8041.3999,8.5397,,604.8362,12.2599,56.9999,4.3772,0
7.1448,190.8776,14176.8693,7.7406,,312.7278,15.7127,74.458,4.945,1
6.4402,219.5371,20835.5735,6.9383,376.5105,452.4169,15.4654,53.1705,2.6823,1
5.1092,233.0008,20327.496,4.9453,313.3554,427.8405,14.8892,45.2021,3.9832,0
,107.8051,21156.0579,5.8179,,181.0,10.8795,64.8563,4.688,1
7.1773,132.8508,24573.3954,7.3947,306.8038,449.487,13.8706,50.958,5.4355,1
8.8017,196.9841,19510.3412,5.1773,335.8892,394.3615,18.0213,63.6597,3.125,0
7.2243,160.3472,10293.6072,7.233,345.6926,339.3415,16.9148,84.4944,4.7031,1
9.0509,182.9685,24443.2965,6.2175,322.4312,368.2959,11.5262,73.4267,4.2413,0
8.8922,286.3688,25804.0075,3.1751,313.3617,294.9698,15.7372,39.3182,4.3143,0
,257.9593,15833.8667,7.9174,,504.9399,12.5751,67.4486,3.8788,0
5.3971,217.9834,51239.7477,5.9378,,335.5139,14.7191,50.9493,3.7538,0
6.1393,174.4074,865.2743,3.7915,289.8482,394.5445,12.1545,74.4666,3.7626,0
6.7278,214.8649,9389.1982,6.6531,290.5303,534.6382,12.5927,78.0219,4.9853,1
5.8855,208.5755,17597.576,4.7532,257.6647,570.32,12.3127,85.0065,3.6674,1
8.1009,191.5845,17572.4891,8.4002,,300.7308,13.2664,77.5753,2.3778,1
8.0649,251.8475,14519.4895,6.4025,290.7308,452.8794,11.2843,67.6406,4.4167,1
8.8489,133.6131,24655.6261,6.839,,533.0853,17.1831,77.4261,3.8424,0
7.4845,249.5806,32378.8619,8.6771,382.4463,512.4016,13.6149,42.2001,3.0774,1
6.4336,183.0832,27325.9205,4.3261,,324.5737,16.4546,51.1988,4.5822,0
7.6757,240.6351,24487.6616,7.2545,370.9483,385.6481,14.4304,100.7186,3.3561,1
5.7393,192.7137,36318.6971,8.5556,342.0379,444.1153,13.8749,85.8843,4.6666,0
7.2941,178.1115,9386.3845,7.8887,356.7726,500.4187,9.7067,39.6879,3.5181,1
5.9588,174.917,20909.7644,5.4907,326.4094,488.6144,10.1802,53.9971,4.7437,0
8.7759,205.819,23215.8656,7.6677,348.0434,315.8611,13.2952,39.1833,3.2272,0
3.1634,208.9882,19704.3723,9.7527,,481.1023,10.1789,,3.9916,0
8.3223,298.0482,21356.3669,5.6324,278.7382,514.465,16.3205,87.2747,3.7433,1
,250.3613,20625.108,6.1998,,548.5229,12.646,63.4523,4.027,0
,195.9538,16847.6047,8.0798,,467.2148,10.9977,84.7552,3.4464,1
7.5748,156.7345,12139.1338,7.066,286.3805,355.2408,13.3639,58.4001,4.2824,1
7.3798,200.5887,13019.1021,6.7582,327.7054,453.742,15.229,77.9704,3.3119,1
8.9818,216.6059,19650.6579,9.7854,392.6073,450.2879,13.3671,55.663,3.3698,0
9.5109,140.7117,25971.887,6.0174,,324.2961,20.5057,43.3163,2.5122,0
7.0952,197.6808,26864.366,8.482,300.9599,321.5445,17.8657,61.0078,3.9416,0
9.4816,240.5953,28815.9344,5.1143,320.8852,475.505,14.1,40.0956,4.1125,0
6.1347,181.9889,1145.2771,2.5649,405.2534,531.6264,12.0028,49.0746,3.2671,0
7.6908,143.868,14279.3252,6.9997,277.6609,430.0664,9.5881,35.2019,5.4946,1
7.7232,222.8371,11993.0004,8.2582,289.3425,442.2073,15.7456,,4.1231,0
5.2265,251.4433,22125.4122,6.3805,261.8334,372.8983,17.5755,66.0198,3.6601,0
7.5614,190.647,22272.4197,9.7111,344.5648,398.1691,13.7854,71.1466,3.3283,1
,203.1917,18565.0324,7.1592,,471.2021,11.7595,62.0123,4.0087,1
8.2479,236.8304,30802.6133,8.0513,348.5139,490.2206,13.8713,,5.2993,0
5.7744,215.8592,18002.3186,7.5629,353.4221,419.4297,11.8973,77.0836,3.0307,1
4.4726,174.693,23197.0547,5.4619,,245.7538,13.8973,83.6299,3.8887,0
,186.3925,26808.8791,9.0499,366.914,432.9503,15.9174,49.9962,4.4158,0
7.1116,195.1354,26222.5295,9.3323,331.4656,312.9608,13.3742,73.2354,3.9938,1
7.5371,197.9912,19305.5748,9.2679,329.0627,271.3306,15.7806,53.3524,3.8884,0
7.5802,237.1915,34103.1743,9.0405,,373.0117,17.2047,53.4474,3.7881,0
5.9591,163.5924,28349.1612,9.1777,,549.8251,10.7951,83.0781,4.1223,0
8.2382,211.2251,30521.3197,8.5493,257.4691,303.2509,10.9976,51.5307,2.5632,0
6.2728,192.8561,24177.6463,9.1245,,429.8169,14.4561,67.6183,4.8726,0
6.7552,128.3859,23862.5584,7.6294,383.4968,445.3442,5.0828,73.7865,4.8431,0
8.5206,222.5983,15329.077,6.0057,308.1802,534.6528,17.3572,68.3588,4.0844,0
6.8431,202.7352,5273.5506,7.9132,305.3501,370.1369,12.987,76.4296,4.3207,1
4.3183,154.6661,12193.2496,8.6396,,424.671,14.5803,68.2994,3.6212,0
8.1278,138.2913,8448.3274,5.9608,382.966,337.8356,16.4978,66.6296,4.4719,0
7.0797,229.6121,21737.0071,7.0763,320.7673,365.0418,8.1962,56.4,3.3948,1
6.5115,254.4607,9373.0361,8.9216,366.7232,468.8861,17.8749,49.8328,5.329,0
8.9725,201.0011,17526.9791,6.5603,279.2325,510.2498,16.0627,60.4999,3.2898,0
6.1547,190.4413,13851.4389,11.2121,264.9892,263.9599,6.2882,66.9591,3.0464,0
8.0373,222.3469,22045.7515,8.1253,239.2768,255.856,10.6414,55.3194,3.3005,1
7.2772,175.8378,20391.7077,9.2102,,374.2019,21.2597,59.349,3.4921,1
10.896,180.4187,34091.2527,8.5832,311.421,509.3271,16.4195,51.1567,4.0058,0
4.4334,229.9169,29953.7685,8.9542,329.8735,354.1307,17.9275,54.2814,3.8303,0
7.3657,159.4839,35630.6565,7.5029,381.4896,508.7873,14.0802,50.885,3.394,1
7.5871,236.5393,22942.2081,6.0668,267.6493,405.9994,17.7836,80.1966,4.1285,1
8.6924,207.9599,6484.9387,5.0943,434.7913,373.6953,8.6885,63.3349,3.6669,0
,241.9197,30698.7064,4.7772,335.3568,475.9843,11.4095,45.8868,2.9954,0
,135.5195,39113.7018,5.8569,,428.8626,19.9911,56.5344,2.9364,0
9.1204,241.5695,18602.3157,4.1804,379.8424,448.8838,17.4753,70.5796,3.2719,0
6.4516,194.7162,34559.2119,6.6593,416.2699,252.0294,13.4679,66.4175,3.9575,1
7.4878,219.2805,20644.3286,5.572,,436.1512,16.2855,54.3502,3.7211,1
7.0012,170.5006,23147.6443,6.0871,303.4701,431.6712,11.9747,62.111,3.4101,1
7.6394,163.4267,21087.9552,5.8297,379.7427,690.729,9.8192,58.8141,3.5586,1
5.0973,236.7289,16832.8213,8.3268,371.3499,412.8384,17.1311,94.3615,4.6414,0
6.2801,214.1195,18088.1313,6.0935,,436.1712,13.2217,38.789,5.222,1
6.9952,216.5627,6888.1768,5.8666,,516.9707,14.8849,72.3182,3.3508,1
7.2345,221.0142,23529.0443,9.6646,341.5752,510.8083,16.1002,38.4352,2.9499,0
8.6877,218.568,23293.3279,6.6073,269.369,471.548,15.634,79.2545,2.3238,0
7.8241,144.8252,28323.0814,9.3808,319.6068,519.8953,18.1802,57.7103,5.6456,0
7.9216,187.6922,21667.9839,6.4576,291.6996,262.651,12.6114,73.589,3.4702,1
6.9935,186.5283,25771.9488,6.8285,328.6075,406.8155,12.7499,69.6542,3.9357,1
8.924,265.9186,41692.362,7.5046,,375.8888,16.7948,33.6809,3.7308,0
6.1841,243.2811,30846.6778,4.9309,,431.3454,18.0474,84.3803,4.7124,0
6.935,168.324,20907.6932,9.5242,325.5616,285.7382,10.5459,67.664,2.6245,1
4.8901,147.9039,24343.6481,9.8436,330.2785,480.5873,9.2263,47.5346,4.3182,0
5.5339,222.3857,22291.9806,6.4398,297.7889,394.0024,11.9554,54.4088,3.8043,1
8.3231,217.6232,33385.0523,8.8758,320.7738,472.108,14.7724,67.7377,4.4667,0
7.0046,244.7264,17702.4521,7.5266,400.6092,426.6123,15.1204,83.4387,3.6157,1
4.3501,159.3281,31402.5647,6.3907,329.6215,457.3507,10.7056,84.1419,3.3174,0
,254.6329,25732.4264,9.7024,276.9175,516.7556,15.1787,70.4373,3.6752,0
6.7264,205.0149,320.0,5.5144,306.1705,364.1626,19.538,31.4331,2.7515,0
5.4057,241.9161,26188.8519,7.0535,,300.1951,6.8901,46.2614,3.3031,0
7.5626,207.9629,17156.8612,8.6747,352.6865,419.7942,15.2085,84.1215,3.1759,1
,184.4004,14105.691,6.7671,290.4503,364.2178,14.7704,50.7631,5.5328,0
7.0849,171.6842,22011.125,7.8511,374.3944,413.5078,12.9133,66.7321,3.1418,1
8.4559,244.5742,24797.6591,5.0864,351.5025,373.8595,16.069,69.1071,5.2919,0
6.1653,89.9139,43510.4903,6.8062,315.2351,242.8976,16.9564,84.0047,4.1669,0
8.6521,235.2341,22717.0254,7.2938,348.7253,341.506,10.181,61.404,3.9016,1
,221.7989,14505.3773,5.1239,395.9411,357.9841,14.6599,63.0281,4.8851,1
6.692,175.0194,21073.2401,5.8026,291.5951,446.4099,16.4495,71.5935,3.3219,1
8.9621,224.4882,26188.2049,6.1136,,480.2116,13.7891,69.1822,4.0495,0
7.6259,194.1127,13941.4754,6.6956,356.7807,535.0565,15.747,69.8826,3.5703,1
6.4734,154.4655,20038.6134,7.4405,337.1604,443.3494,16.2473,63.3911,4.6383,1
6.8949,188.5596,7966.677,6.5923,288.5911,579.9703,18.362,91.6166,3.576,1
7.3842,218.0282,11279.4173,4.5309,,559.0191,16.4401,49.7038,4.1189,1
,199.6661,18339.6845,7.1946,384.1651,394.8963,16.624,82.5078,4.2933,0
8.0469,172.2615,28516.9608,9.1729,340.2756,395.9778,18.7625,63.924,3.7458,0
7.0623,221.149,14172.9804,7.1391,313.4619,336.3429,14.8829,61.4318,2.6142,1
,223.0055,14619.6758,6.5097,310.8234,422.7424,19.9449,50.5415,4.7826,0
5.6828,239.1978,21262.6688,7.0921,302.3808,398.8956,10.2326,71.4789,4.7616,0
8.3376,205.3108,13242.8002,8.0756,292.4393,466.459,15.3069,72.1316,4.8246,1
,248.6066,17239.6189,4.9561,,575.2343,15.2699,70.5673,2.8629,0
10.2198,173.5627,14060.2828,9.62,321.906,611.0812,15.2881,64.5862,3.9132,0
5.4986,182.8709,37087.8559,6.6484,375.1005,481.7201,12.2622,72.4551,3.8703,0
7.3679,149.2567,17942.2537,10.1252,327.3566,355.3155,15.6199,29.6451,3.7521,1
3.3151,195.1126,34163.5136,6.0455,356.0484,455.1708,11.2346,43.1353,4.8352,0
6.9573,199.3044,23172.279,5.5626,342.4835,467.0063,12.9219,60.4998,4.3886,1
6.2938,196.2983,37500.1895,7.4369,,363.801,11.3105,,4.3247,0
7.7676,153.7942,13479.5876,8.6855,402.9591,412.6125,16.9418,57.6494,3.7196,1
7.3398,231.4775,23575.6115,7.9001,338.9545,495.1059,14.6353,79.9559,4.6306,1
6.5637,139.5989,1081.2056,7.4486,276.2217,382.7465,10.9785,82.0332,3.0537,1
10.21,165.0541,33385.139,7.618,358.5836,341.5921,9.0294,76.7888,4.0862,0
,96.528,27455.4736,7.4724,409.5002,408.6406,13.5711,73.6922,4.516,1
,232.0424,18899.4016,8.8716,,446.9017,14.532,36.7247,3.6262,0
7.5582,223.6983,39758.8422,7.06,328.1679,531.2904,20.6601,53.3714,3.7021,0
2.8055,190.0712,47151.2615,8.2209,340.883,363.736,17.5847,63.5888,5.5054,0
,207.7843,35334.5221,6.2688,261.5492,488.8047,9.2161,80.0063,2.6449,0
,154.4841,36022.724,6.892,298.7713,435.2943,18.1375,64.7451,4.3196,0
6.2183,159.8299,22573.5514,5.9627,,464.1906,16.3749,87.391,3.4814,1
7.2448,163.4126,14973.4594,6.7073,395.5609,451.0383,21.5293,84.5549,3.3175,1
,207.2691,8928.1678,6.3383,,360.889,18.4535,73.9515,4.2466,0
8.1825,183.2393,31297.102,4.7854,,222.763,18.8294,,4.0885,0
7.1991,202.3669,5656.0354,8.6997,311.0739,347.2058,12.7305,60.1034,4.3144,1
7.0242,160.1613,20394.622,7.7477,296.6769,453.603,11.3647,97.077,3.8894,1
8.3971,150.6059,37086.8195,8.0291,,435.18,15.9206,77.6821,3.323,0
9.4277,210.7679,25250.697,10.759,307.4507,451.1368,16.3322,43.0496,4.5805,0
8.1935,206.2085,11094.5828,3.9378,279.7832,410.8187,17.8464,72.9217,3.0284,0
,211.3665,14590.7191,7.8049,382.4242,431.5071,7.7346,53.2866,2.4974,0
7.6003,174.9366,33304.2944,7.371,255.8356,393.9783,12.7094,85.4404,4.3009,1
7.4023,205.6011,12863.9639,8.9012,394.1062,530.6607,9.5911,100.0934,3.642,1
5.3303,143.5722,18106.574,6.2369,375.032,308.6227,17.565,79.4293,3.7901,0
4.6387,159.2647,9799.5186,6.3873,310.141,367.0675,16.1452,71.1419,3.251,0
6.4086,207.4912,21557.8167,5.451,,348.982,17.4784,58.9123,2.5198,0
6.5658,164.2808,16646.1109,8.252,318.1191,411.7903,14.4478,49.3077,2.6283,1
6.9053,154.9358,31073.9903,10.1218,394.7632,481.4949,7.5485,78.2784,3.8232,0
5.9242,164.4947,13419.8366,5.9646,369.322,569.0212,14.7638,65.4252,3.2395,1
7.2302,252.9093,18290.3479,7.3964,367.7445,510.1814,15.6663,70.1185,4.6866,1
7.4309,182.015,1281.7354,7.559,293.1621,504.6023,12.6636,68.7723,4.4896,1
,206.9835,33547.138,6.128,373.6646,541.785,15.6073,69.2827,4.7979,0
,191.1019,32675.6797,4.0688,310.7231,510.7414,13.8428,63.8723,3.1578,0
6.1325,279.2607,19616.8167,8.5624,368.6467,508.1259,16.2213,64.7306,3.8736,0
4.6836,193.3335,23395.6034,4.5051,401.2335,355.0594,11.5512,57.9359,5.4996,0
,232.7442,26019.1488,8.8566,322.4714,377.3876,9.5844,75.1743,3.7093,1
8.2857,229.19,31423.9773,5.075,292.9043,478.8386,17.2823,63.3663,2.5154,0
,211.8471,7579.1457,8.6521,324.2671,436.7391,23.4842,65.1199,4.303,0
3.8662,197.7559,14137.8236,9.1835,404.2946,400.7324,9.8318,63.7206,3.3258,0
6.2484,145.7897,41975.6774,6.3442,285.6643,517.6866,11.2274,93.5171,4.6203,0
5.7034,216.682,32295.317,5.312,332.9086,389.8406,15.4109,76.9196,4.0345,0
7.3861,271.8333,27229.113,6.8772,325.0241,456.5839,13.0047,77.2764,3.5929,1
5.7018,216.1147,22356.4484,7.0936,,424.1294,17.8341,107.7117,3.6609,0
7.1757,267.1951,29467.7035,5.2644,297.0924,348.6438,14.0325,60.4436,4.9897,1
8.4449,222.49,29940.6804,6.6477,,569.2341,16.8364,57.5153,4.8799,0
5.8912,229.3629,29827.5655,8.5206,303.8795,292.6001,11.3956,68.9668,3.8745,0
6.886,182.0782,12807.226,8.0733,341.4665,325.6027,12.34,53.2049,3.9771,1
9.3705,193.7043,22310.0867,8.9679,293.4179,391.6002,14.9915,75.7771,4.4948,0
8.2962,214.546,25629.3897,4.7772,307.3365,536.8453,12.6548,45.3211,4.2745,0
4.617,236.5734,24828.0238,5.7403,281.3659,532.6381,7.8271,64.93,4.1018,0
,163.2837,13018.1527,6.9296,349.8887,370.0107,17.1902,,2.9597,0
5.9976,149.5417,20187.3644,6.8705,329.8624,476.8745,20.6687,58.062,4.0193,1
7.446,194.3387,13603.3187,8.4527,345.3949,406.9677,11.8825,30.3445,3.2456,1
,194.375,18456.5577,5.113,259.8095,344.4454,9.3011,51.7283,5.711,0
6.3332,213.9998,24139.332,9.5607,,452.124,20.0737,79.4104,4.0139,0
,256.1841,27200.0492,8.8301,336.6218,429.4393,14.4012,83.6594,4.4708,0
7.9154,179.0551,27374.5353,8.2647,397.2159,379.1992,17.937,52.7848,3.9726,1
5.8657,261.6965,31063.355,6.5965,,488.7591,14.7599,34.0942,3.1752,1
,217.4729,23536.8577,4.6408,306.1286,502.1316,18.6964,64.6678,4.6828,0
6.1689,199.0136,11155.7323,4.8897,,347.1589,11.923,86.3448,5.3605,0
7.0052,141.0037,22736.0155,8.5467,309.5234,560.4449,21.0786,44.8274,4.4436,1
4.0585,248.7465,18216.2512,6.8285,333.4568,471.6738,11.2943,79.7941,4.5112,0
,258.4198,7276.363,9.9401,351.2624,414.602,17.1614,61.2104,3.212,0
,214.5208,16635.0362,7.5561,327.6206,554.9451,17.3016,74.6383,2.9276,0
8.0712,215.4867,25796.762,4.9519,319.499,492.3253,10.3542,62.1096,3.2916,0
9.0403,183.6432,31220.1445,8.9414,397.719,501.4808,16.6599,50.3362,3.0424,0
7.4719,132.5009,21170.2808,6.7221,,493.5322,12.8341,,2.7848,1
7.7961,170.8573,9892.6159,7.2409,334.1,406.7627,16.0014,67.5152,5.2214,0
6.3488,148.6302,21685.9059,8.1651,298.1354,472.7935,16.5868,26.6632,3.1108,0
6.0259,151.0975,15699.6582,4.8483,,418.8947,7.8185,89.3237,3.8196,0
4.226,168.9549,33220.8149,5.2448,320.8837,367.2017,17.2124,63.8362,3.7413,0
6.7284,177.769,11074.9582,9.3368,341.6666,351.9063,10.2947,,3.6765,1
6.2098,214.775,29628.2233,4.8476,,468.6949,17.0962,,3.6463,1
3.5327,241.6539,20114.7035,5.2295,377.6296,508.4558,18.5233,60.2813,2.0359,0
7.414,189.9436,25576.7312,5.0124,,309.2682,11.6814,56.9162,4.3666,1
9.2441,224.2412,15865.6828,5.0844,319.2288,563.6034,8.5152,68.1644,4.16,0
7.605,185.2589,26715.1385,6.3644,287.9726,485.4573,15.9617,74.5189,4.4273,1
8.7216,186.5721,22077.8998,6.2358,340.6225,503.8301,17.6967,34.98,5.425,0
6.6191,208.5918,20543.1442,5.3419,,403.4888,12.1421,66.3165,4.7527,1
,175.6645,12636.3683,6.1216,,480.4002,13.2809,45.7762,4.9051,0
7.1098,205.2176,17194.8967,7.554,364.3246,486.1359,15.1987,62.6489,3.3072,1
6.5064,180.3198,5471.8673,3.662,373.9499,320.9027,18.5203,42.9987,4.1918,0
5.3467,167.3378,26680.9134,6.3562,282.0306,507.6442,11.3588,80.7496,4.1028,0
8.532,174.0373,19514.4993,6.7111,,607.6695,12.9583,68.4646,3.3643,1
7.2646,248.0833,35235.889,4.2403,,367.7503,12.9362,88.074,2.594,1
6.0529,204.9259,8811.602,8.8748,,282.6623,10.2388,65.0561,3.2969,0
7.3047,181.1648,36047.7881,7.2811,329.6514,366.9242,12.3442,49.3131,3.6934,1
6.7991,202.403,26155.991,6.761,307.354,497.3788,14.7733,67.799,2.1231,1
7.9262,170.675,18108.0319,7.8697,321.6735,463.8848,15.3038,47.9676,3.8135,1
9.3638,180.4373,26460.6193,7.5267,306.533,352.9324,19.5919,52.9006,4.2681,0
6.1107,184.1574,10982.8884,6.5815,,379.1175,16.8917,80.7701,3.5599,0
5.2664,139.6114,10051.6068,6.5843,268.8469,285.8945,12.1332,83.3395,5.2041,0
9.0471,190.559,32880.8413,5.1271,332.3966,438.2771,13.6407,37.8413,4.0694,0
10.5418,210.7682,4499.1515,7.6391,320.0232,255.272,13.1488,66.0139,3.7968,0
6.1273,205.2271,22267.1501,7.3011,307.1164,410.4394,3.8185,44.6916,4.52,0
5.6844,191.1095,34166.5984,5.3738,301.0033,317.751,16.8593,101.5592,3.9468,0
,231.693,23192.123,7.991,,413.808,16.5212,71.4645,4.874,0
7.013,168.3642,33934.4756,9.3778,356.9893,480.4898,13.2967,54.9037,2.8228,1
7.1832,233.3063,20230.2143,5.0123,320.371,414.0149,19.9032,116.4029,4.4391,1
6.6425,228.7722,16233.5131,9.8649,286.553,445.0388,12.5722,101.0504,2.5216,0
8.2572,202.9296,32479.1059,8.9542,,449.6782,11.3587,48.8739,3.7225,0
5.8267,246.9653,30016.7567,8.6609,330.8408,402.9156,11.1246,71.3733,3.035,0
6.1548,169.5416,21474.242,6.8197,318.148,364.5704,15.8628,57.7254,5.1273,0
5.1857,204.4172,34412.6676,9.7686,381.0553,287.0418,18.547,56.4216,4.3991,0
,191.2264,12181.9279,6.6444,376.7461,451.7773,18.1288,47.5922,3.5997,0
8.6096,170.3555,31349.662,8.0403,352.554,540.4612,9.4675,97.9554,4.9285,0
8.9504,185.3456,18704.1604,6.2154,,597.1812,16.1706,67.7905,3.4537,0
5.7941,209.6247,24237.3592,5.0577,407.4883,277.3842,7.3824,91.2796,4.8731,0
8.9981,209.5713,23183.3283,8.0736,322.0409,350.0697,14.2796,68.4963,4.983,0
7.4613,217.1749,23861.3651,9.2426,,474.0095,7.7113,49.0437,3.5917,0
8.0904,173.8999,26952.2818,5.0118,294.2412,579.587,15.15,56.5258,4.2379,1
7.8886,192.7345,34763.7037,7.0118,,340.7351,16.0593,73.8832,4.8821,1
,192.276,34715.7585,6.0208,290.4272,438.9065,19.7507,77.2447,4.1735,0
6.7921,174.162,23108.352,5.5549,343.2544,446.7324,13.0149,49.6162,4.1066,1
4.7814,195.6501,22918.2088,6.4622,,381.1124,16.9713,58.0019,3.4721,0
6.2366,125.0842,13636.5588,8.6599,336.6551,413.8153,13.7576,64.4261,3.7174,1
6.7088,157.2479,36950.2657,9.3602,,393.1917,14.4367,63.2929,3.8098,0
5.3465,179.3834,30541.3938,7.8258,289.1674,304.703,9.4351,48.1574,4.2731,0
,183.4321,16853.1982,7.2626,349.002,572.8111,8.3893,87.0347,4.4257,1
8.9196,217.429,23981.2858,8.216,,447.8828,20.6589,102.229,2.8567,0
6.321,177.4198,35684.4962,5.6653,,390.205,11.0912,74.4233,4.7038,1
5.6293,251.8728,16233.1299,7.4108,339.0792,522.8864,13.3788,63.2682,5.0327,0
5.7943,147.1488,24814.4522,6.2828,,407.6117,14.3523,82.3718,3.7925,0
7.3226,256.9565,22352.043,7.4876,,521.7619,12.8733,37.677,2.7641,1
